Timestamp,Operator,URL,Issue
2026-09-27T09:35:53.183797+02:00,KT_FR,https://geo.fr.ch/ags/services/OpenData/Accidents_de_la_circulation_routiere/MapServer/WFSServer?request=GetCapabilities&service=WFS,"expected string or bytes-like object"
2026-09-27T09:35:56.402309+02:00,KT_FR,https://geo.fr.ch/ags/services/OpenData/Accroissement_annuel_de_trafic_2015_2020/MapServer/WFSServer?request=GetCapabilities&service=WFS,"expected string or bytes-like object"
2026-09-27T09:35:59.421824+02:00,KT_FR,https://geo.fr.ch/ags/services/OpenData/Admissibilite_des_sondes_geothermiques_SGV/MapServer/WFSServer?request=GetCapabilities&service=WFS,"expected string or bytes-like object"
2026-09-27T09:36:02.718542+02:00,KT_FR,https://geo.fr.ch/ags/services/OpenData/Adresses_MO_RegBL_par_rue/MapServer/WFSServer?request=GetCapabilities&service=WFS,"expected string or bytes-like object"
2026-09-27T09:36:05.592776+02:00,KT_FR,https://geo.fr.ch/ags/services/OpenData/Adresses_MO_RegBL_RegBAFR/MapServer/WFSServer?request=GetCapabilities&service=WFS,"expected string or bytes-like object"
2026-09-27T09:36:08.648603+02:00,KT_FR,https://geo.fr.ch/ags/services/OpenData/Adresses_REGBL/MapServer/WFSServer?request=GetCapabilities&service=WFS,"expected string or bytes-like object"
2026-09-27T09:36:11.528742+02:00,KT_FR,https://geo.fr.ch/ags/services/OpenData/Affectations_primaires_RDPPF_affectation/MapServer/WFSServer?request=GetCapabilities&service=WFS,"expected string or bytes-like object"
2026-09-27T09:36:14.414034+02:00,KT_FR,https://geo.fr.ch/ags/services/OpenData/Amenagements_longitudinaux_plan_sectoriel_velo/MapServer/WFSServer?request=GetCapabilities&service=WFS,"expected string or bytes-like object"
2026-09-27T09:36:17.440626+02:00,KT_FR,https://geo.fr.ch/ags/services/OpenData/Amenagements_ponctuels_plan_sectoriel_velo/MapServer/WFSServer?request=GetCapabilities&service=WFS,"expected string or bytes-like object"
2026-09-27T09:36:20.313706+02:00,KT_FR,https://geo.fr.ch/ags/services/OpenData/Animation_socioculturelle_communale/MapServer/WFSServer?request=GetCapabilities&service=WFS,"expected string or bytes-like object"
2026-09-27T09:36:23.185756+02:00,KT_FR,https://geo.fr.ch/ags/services/OpenData/Animation_socioculturelle_regionale/MapServer/WFSServer?request=GetCapabilities&service=WFS,"expected string or bytes-like object"
2026-09-27T09:36:26.194899+02:00,KT_FR,https://geo.fr.ch/ags/services/OpenData/AOP_Emmental/MapServer/WFSServer?request=GetCapabilities&service=WFS,"expected string or bytes-like object"
2026-09-27T09:36:29.208482+02:00,KT_FR,https://geo.fr.ch/ags/services/OpenData/AOP_Gruyere/MapServer/WFSServer?request=GetCapabilities&service=WFS,"expected string or bytes-like object"
2026-09-27T09:36:32.071933+02:00,KT_FR,https://geo.fr.ch/ags/services/OpenData/AOP_Poire_a_botzi/MapServer/WFSServer?request=GetCapabilities&service=WFS,"expected string or bytes-like object"
2026-09-27T09:36:35.080199+02:00,KT_FR,https://geo.fr.ch/ags/services/OpenData/AOP_Vacherin_fribourgeois/MapServer/WFSServer?request=GetCapabilities&service=WFS,"expected string or bytes-like object"
2026-09-27T09:36:38.124236+02:00,KT_FR,https://geo.fr.ch/ags/services/OpenData/Aptitudes_climatiques/MapServer/WFSServer?request=GetCapabilities&service=WFS,"expected string or bytes-like object"
2026-09-27T09:36:41.132657+02:00,KT_FR,https://geo.fr.ch/ags/services/OpenData/Aquiferes_de_l_inventaire_des_eaux_souterraines/MapServer/WFSServer?request=GetCapabilities&service=WFS,"expected string or bytes-like object"
2026-09-27T09:36:44.146019+02:00,KT_FR,https://geo.fr.ch/ags/services/OpenData/Arbres_culture/MapServer/WFSServer?request=GetCapabilities&service=WFS,"expected string or bytes-like object"
2026-09-27T09:36:47.027474+02:00,KT_FR,https://geo.fr.ch/ags/services/OpenData/Arbres_spectaculaires/MapServer/WFSServer?request=GetCapabilities&service=WFS,"expected string or bytes-like object"
2026-09-27T09:36:50.063728+02:00,KT_FR,https://geo.fr.ch/ags/services/OpenData/Arrets_de_transport_public/MapServer/WFSServer?request=GetCapabilities&service=WFS,"expected string or bytes-like object"
2026-09-27T09:36:53.088408+02:00,KT_FR,https://geo.fr.ch/ags/services/OpenData/Arrondissements_d_entretien_routes_cantonales/MapServer/WFSServer?request=GetCapabilities&service=WFS,"expected string or bytes-like object"
2026-09-27T09:36:56.099570+02:00,KT_FR,https://geo.fr.ch/ags/services/OpenData/Arrondissements_d_inspectorat_ecoles/MapServer/WFSServer?request=GetCapabilities&service=WFS,"expected string or bytes-like object"
2026-09-27T09:36:58.977009+02:00,KT_FR,https://geo.fr.ch/ags/services/OpenData/Arrondissements_forestiers/MapServer/WFSServer?request=GetCapabilities&service=WFS,"expected string or bytes-like object"
2026-09-27T09:37:01.844890+02:00,KT_FR,https://geo.fr.ch/ags/services/OpenData/Assainissement_de_terrain_drainage/MapServer/WFSServer?request=GetCapabilities&service=WFS,"expected string or bytes-like object"
2026-09-27T09:37:04.857597+02:00,KT_FR,https://geo.fr.ch/ags/services/OpenData/Associations_forestieres_remarquables/MapServer/WFSServer?request=GetCapabilities&service=WFS,"expected string or bytes-like object"
2026-09-27T09:37:07.865067+02:00,KT_FR,https://geo.fr.ch/ags/services/OpenData/Axes_de_maintenance_SRB/MapServer/WFSServer?request=GetCapabilities&service=WFS,"expected string or bytes-like object"
2026-09-27T09:37:11.040194+02:00,KT_FR,https://geo.fr.ch/ags/services/OpenData/Bandes_cyclables_routes_cantonales/MapServer/WFSServer?request=GetCapabilities&service=WFS,"expected string or bytes-like object"
2026-09-27T09:37:14.051806+02:00,KT_FR,https://geo.fr.ch/ags/services/OpenData/Bas_marais_d_importance_locale/MapServer/WFSServer?request=GetCapabilities&service=WFS,"expected string or bytes-like object"
2026-09-27T09:37:17.059496+02:00,KT_FR,https://geo.fr.ch/ags/services/OpenData/Bas_marais_d_importance_nationale/MapServer/WFSServer?request=GetCapabilities&service=WFS,"expected string or bytes-like object"
2026-09-27T09:37:20.080019+02:00,KT_FR,https://geo.fr.ch/ags/services/OpenData/Bas_marais/MapServer/WFSServer?request=GetCapabilities&service=WFS,"expected string or bytes-like object"
2026-09-27T09:37:23.244234+02:00,KT_FR,https://geo.fr.ch/ags/services/OpenData/Batiments_MO_RegBL_par_rue/MapServer/WFSServer?request=GetCapabilities&service=WFS,"expected string or bytes-like object"
2026-09-27T09:37:26.113387+02:00,KT_FR,https://geo.fr.ch/ags/services/OpenData/Batiments_MO_RegBL_RegBAFR/MapServer/WFSServer?request=GetCapabilities&service=WFS,"expected string or bytes-like object"
2026-09-27T09:37:28.981236+02:00,KT_FR,https://geo.fr.ch/ags/services/OpenData/Batraciens_et_trafic_routier/MapServer/WFSServer?request=GetCapabilities&service=WFS,"expected string or bytes-like object"
2026-09-27T09:37:31.991733+02:00,KT_FR,https://geo.fr.ch/ags/services/OpenData/Belastete_Standorte_Ablagerungsstandorte/MapServer/WFSServer?request=GetCapabilities&service=WFS,"expected string or bytes-like object"
2026-09-27T09:37:35.011794+02:00,KT_FR,https://geo.fr.ch/ags/services/OpenData/Belastete_Standorte_Betriebsstandorte/MapServer/WFSServer?request=GetCapabilities&service=WFS,"expected string or bytes-like object"
2026-09-27T09:37:38.042643+02:00,KT_FR,https://geo.fr.ch/ags/services/OpenData/Belastete_Standorte_Schiessanlagen/MapServer/WFSServer?request=GetCapabilities&service=WFS,"expected string or bytes-like object"
2026-09-27T09:37:41.500611+02:00,KT_FR,https://geo.fr.ch/ags/services/OpenData/Belastete_Standorte_Unfallstandorte/MapServer/WFSServer?request=GetCapabilities&service=WFS,"expected string or bytes-like object"
2026-09-27T09:37:44.531589+02:00,KT_FR,https://geo.fr.ch/ags/services/OpenData/Biens_culturels_immeubles_proteges_RBCI_SBC/MapServer/WFSServer?request=GetCapabilities&service=WFS,"expected string or bytes-like object"
2026-09-27T09:37:47.398761+02:00,KT_FR,https://geo.fr.ch/ags/services/OpenData/Biens_culturels_immeubles_recenses_RBCI_SBC/MapServer/WFSServer?request=GetCapabilities&service=WFS,"expected string or bytes-like object"
2026-09-27T09:37:50.439634+02:00,KT_FR,https://geo.fr.ch/ags/services/OpenData/Blocs_erratiques_d_importance_cantonale_Etude_de_base/MapServer/WFSServer?request=GetCapabilities&service=WFS,"expected string or bytes-like object"
2026-09-27T09:37:53.471736+02:00,KT_FR,https://geo.fr.ch/ags/services/OpenData/Bornes_historiques/MapServer/WFSServer?request=GetCapabilities&service=WFS,"expected string or bytes-like object"
2026-09-27T09:37:56.486697+02:00,KT_FR,https://geo.fr.ch/ags/services/OpenData/Cadastre_des_sites_pollues_RDPPF/MapServer/WFSServer?request=GetCapabilities&service=WFS,"expected string or bytes-like object"
2026-09-27T09:37:59.357319+02:00,KT_FR,https://geo.fr.ch/ags/services/OpenData/Canton/MapServer/WFSServer?request=GetCapabilities&service=WFS,"expected string or bytes-like object"
2026-09-27T09:38:02.224973+02:00,KT_FR,https://geo.fr.ch/ags/services/OpenData/Captages_AquaFri/MapServer/WFSServer?request=GetCapabilities&service=WFS,"expected string or bytes-like object"
2026-09-27T09:38:05.100238+02:00,KT_FR,https://geo.fr.ch/ags/services/OpenData/Carte_de_danger___Avalanches/MapServer/WFSServer?request=GetCapabilities&service=WFS,"expected string or bytes-like object"
2026-09-27T09:38:07.993753+02:00,KT_FR,https://geo.fr.ch/ags/services/OpenData/Carte_de_danger___Crues/MapServer/WFSServer?request=GetCapabilities&service=WFS,"expected string or bytes-like object"
2026-09-27T09:38:11.214194+02:00,KT_FR,https://geo.fr.ch/ags/services/OpenData/Carte_de_danger___Effondrements_de_falaise/MapServer/WFSServer?request=GetCapabilities&service=WFS,"expected string or bytes-like object"
2026-09-27T09:38:14.380915+02:00,KT_FR,https://geo.fr.ch/ags/services/OpenData/Carte_de_danger___Laves_torrentielles/MapServer/WFSServer?request=GetCapabilities&service=WFS,"expected string or bytes-like object"
2026-09-27T09:38:17.441104+02:00,KT_FR,https://geo.fr.ch/ags/services/OpenData/Carte_de_protection_des_eaux/MapServer/WFSServer?request=GetCapabilities&service=WFS,"expected string or bytes-like object"
2026-09-27T09:38:20.463430+02:00,KT_FR,https://geo.fr.ch/ags/services/OpenData/Carte_des_sols_de_fondation/MapServer/WFSServer?request=GetCapabilities&service=WFS,"expected string or bytes-like object"
2026-09-27T09:38:23.634978+02:00,KT_FR,https://geo.fr.ch/ags/services/OpenData/Categorie_de_protection_ISOS/MapServer/WFSServer?request=GetCapabilities&service=WFS,"expected string or bytes-like object"
2026-09-27T09:38:26.533299+02:00,KT_FR,https://geo.fr.ch/ags/services/OpenData/Centrales_MCT_AquaFri/MapServer/WFSServer?request=GetCapabilities&service=WFS,"expected string or bytes-like object"
2026-09-27T09:38:29.430346+02:00,KT_FR,https://geo.fr.ch/ags/services/OpenData/Centres_d_exploitation_agricole/MapServer/WFSServer?request=GetCapabilities&service=WFS,"expected string or bytes-like object"
2026-09-27T09:38:32.297272+02:00,KT_FR,https://geo.fr.ch/ags/services/OpenData/Centres_forestiers/MapServer/WFSServer?request=GetCapabilities&service=WFS,"expected string or bytes-like object"
2026-09-27T09:38:35.324362+02:00,KT_FR,https://geo.fr.ch/ags/services/OpenData/Cercles_electoraux_des_anciennes_paroisses_catholiques/MapServer/WFSServer?request=GetCapabilities&service=WFS,"expected string or bytes-like object"
2026-09-27T09:38:38.193386+02:00,KT_FR,https://geo.fr.ch/ags/services/OpenData/Cercles_scolaires_primaires_francophones/MapServer/WFSServer?request=GetCapabilities&service=WFS,"expected string or bytes-like object"
2026-09-27T09:38:41.054068+02:00,KT_FR,https://geo.fr.ch/ags/services/OpenData/Cercles_scolaires_primaires_germanophones/MapServer/WFSServer?request=GetCapabilities&service=WFS,"expected string or bytes-like object"
2026-09-27T09:38:43.920371+02:00,KT_FR,https://geo.fr.ch/ags/services/OpenData/Cercles_scolaires_secondaires_francophones/MapServer/WFSServer?request=GetCapabilities&service=WFS,"expected string or bytes-like object"
2026-09-27T09:38:46.934185+02:00,KT_FR,https://geo.fr.ch/ags/services/OpenData/Cercles_scolaires_secondaires_germanophones/MapServer/WFSServer?request=GetCapabilities&service=WFS,"expected string or bytes-like object"
2026-09-27T09:38:49.843179+02:00,KT_FR,https://geo.fr.ch/ags/services/OpenData/Chalets_d_alpage_recenses_SBC/MapServer/WFSServer?request=GetCapabilities&service=WFS,"expected string or bytes-like object"
2026-09-27T09:38:52.708529+02:00,KT_FR,https://geo.fr.ch/ags/services/OpenData/Chalets_d_alpage_recenses/MapServer/WFSServer?request=GetCapabilities&service=WFS,"expected string or bytes-like object"
2026-09-27T09:38:55.865593+02:00,KT_FR,https://geo.fr.ch/ags/services/OpenData/Chambres_AquaFri/MapServer/WFSServer?request=GetCapabilities&service=WFS,"expected string or bytes-like object"
2026-09-27T09:38:58.893027+02:00,KT_FR,https://geo.fr.ch/ags/services/OpenData/Chemins_de_randonnee_pedestre/MapServer/WFSServer?request=GetCapabilities&service=WFS,"expected string or bytes-like object"
2026-09-27T09:39:01.919148+02:00,KT_FR,https://geo.fr.ch/ags/services/OpenData/Chroniques_archeologiques/MapServer/WFSServer?request=GetCapabilities&service=WFS,"expected string or bytes-like object"
2026-09-27T09:39:04.937176+02:00,KT_FR,https://geo.fr.ch/ags/services/OpenData/Circonscriptions_des_gardes_faune/MapServer/WFSServer?request=GetCapabilities&service=WFS,"expected string or bytes-like object"
2026-09-27T09:39:08.000599+02:00,KT_FR,https://geo.fr.ch/ags/services/OpenData/Collecteurs_fonction_canalisations_routes_cantonales/MapServer/WFSServer?request=GetCapabilities&service=WFS,"expected string or bytes-like object"
2026-09-27T09:39:11.013018+02:00,KT_FR,https://geo.fr.ch/ags/services/OpenData/Collecteurs_proprietaire_canalisations_routes_cantonales/MapServer/WFSServer?request=GetCapabilities&service=WFS,"expected string or bytes-like object"
2026-09-27T09:39:14.056382+02:00,KT_FR,https://geo.fr.ch/ags/services/OpenData/Colonies_de_bouquetins/MapServer/WFSServer?request=GetCapabilities&service=WFS,"expected string or bytes-like object"
2026-09-27T09:39:16.921909+02:00,KT_FR,https://geo.fr.ch/ags/services/OpenData/Communes_partenaires_d_easyvote/MapServer/WFSServer?request=GetCapabilities&service=WFS,"expected string or bytes-like object"
2026-09-27T09:39:19.798788+02:00,KT_FR,https://geo.fr.ch/ags/services/OpenData/Communes_partenaires_d_engage_ch/MapServer/WFSServer?request=GetCapabilities&service=WFS,"expected string or bytes-like object"
2026-09-27T09:39:22.812477+02:00,KT_FR,https://geo.fr.ch/ags/services/OpenData/Communes/MapServer/WFSServer?request=GetCapabilities&service=WFS,"expected string or bytes-like object"
2026-09-27T09:39:25.820090+02:00,KT_FR,https://geo.fr.ch/ags/services/OpenData/Conduites_AquaFri/MapServer/WFSServer?request=GetCapabilities&service=WFS,"expected string or bytes-like object"
2026-09-27T09:39:28.837637+02:00,KT_FR,https://geo.fr.ch/ags/services/OpenData/Conduites/MapServer/WFSServer?request=GetCapabilities&service=WFS,"expected string or bytes-like object"
2026-09-27T09:39:31.714869+02:00,KT_FR,https://geo.fr.ch/ags/services/OpenData/Conseil_d_enfants_ou_de_jeunes_projets_de_participation_politique/MapServer/WFSServer?request=GetCapabilities&service=WFS,"expected string or bytes-like object"
2026-09-27T09:39:34.752729+02:00,KT_FR,https://geo.fr.ch/ags/services/OpenData/Contenus_lineaires_RDPPF_affectation/MapServer/WFSServer?request=GetCapabilities&service=WFS,"expected string or bytes-like object"
2026-09-27T09:39:37.643805+02:00,KT_FR,https://geo.fr.ch/ags/services/OpenData/Contenus_ponctuels_RDPPF_affectation/MapServer/WFSServer?request=GetCapabilities&service=WFS,"expected string or bytes-like object"
2026-09-27T09:39:40.657741+02:00,KT_FR,https://geo.fr.ch/ags/services/OpenData/Contrats_d_exploitation_en_vertu_de_la_loi_sur_la_protection_de_la_nature/MapServer/WFSServer?request=GetCapabilities&service=WFS,"expected string or bytes-like object"
2026-09-27T09:39:43.547050+02:00,KT_FR,https://geo.fr.ch/ags/services/OpenData/Corridors_a_faune/MapServer/WFSServer?request=GetCapabilities&service=WFS,"expected string or bytes-like object"
2026-09-27T09:39:46.726264+02:00,KT_FR,https://geo.fr.ch/ags/services/OpenData/Couverture_des_places_protegees_dans_le_canton/MapServer/WFSServer?request=GetCapabilities&service=WFS,"expected string or bytes-like object"
2026-09-27T09:39:49.743093+02:00,KT_FR,https://geo.fr.ch/ags/services/OpenData/Couverture_du_sol/MapServer/WFSServer?request=GetCapabilities&service=WFS,"expected string or bytes-like object"
2026-09-27T09:39:52.764338+02:00,KT_FR,https://geo.fr.ch/ags/services/OpenData/Decoupage_du_MNS_swissSURFACE3D_Raster_pour_telechargement_par_tuile/MapServer/WFSServer?request=GetCapabilities&service=WFS,"expected string or bytes-like object"
2026-09-27T09:39:55.631989+02:00,KT_FR,https://geo.fr.ch/ags/services/OpenData/Decoupage_du_MNT_swissALTI3D_pour_telechargement_par_tuile/MapServer/WFSServer?request=GetCapabilities&service=WFS,"expected string or bytes-like object"
2026-09-27T09:39:58.511942+02:00,KT_FR,https://geo.fr.ch/ags/services/OpenData/Decoupage_du_nuage_de_points_classifies_swissSURFACE3D_pour_telechargement_par_tuile/MapServer/WFSServer?request=GetCapabilities&service=WFS,"expected string or bytes-like object"
2026-09-27T09:40:01.662316+02:00,KT_FR,https://geo.fr.ch/ags/services/OpenData/Degre_de_sensibilite_au_bruit_dans_les_zones_d_affectation_RDPPF/MapServer/WFSServer?request=GetCapabilities&service=WFS,"expected string or bytes-like object"
2026-09-27T09:40:04.527147+02:00,KT_FR,https://geo.fr.ch/ags/services/OpenData/Demandes_de_permis_de_construire_en_traitement/MapServer/WFSServer?request=GetCapabilities&service=WFS,"expected string or bytes-like object"
2026-09-27T09:40:07.400704+02:00,KT_FR,https://geo.fr.ch/ags/services/OpenData/Depots_d_entretien_routes_cantonales/MapServer/WFSServer?request=GetCapabilities&service=WFS,"expected string or bytes-like object"
2026-09-27T09:40:10.271545+02:00,KT_FR,https://geo.fr.ch/ags/services/OpenData/Disponibilite_cadastre_RDPPF_par_commune/MapServer/WFSServer?request=GetCapabilities&service=WFS,"expected string or bytes-like object"
2026-09-27T09:40:13.288235+02:00,KT_FR,https://geo.fr.ch/ags/services/OpenData/Distances_par_rapport_a_la_foret_RDPPF/MapServer/WFSServer?request=GetCapabilities&service=WFS,"expected string or bytes-like object"
2026-09-27T09:40:16.162273+02:00,KT_FR,https://geo.fr.ch/ags/services/OpenData/Distances_par_rapport_a_la_foret/MapServer/WFSServer?request=GetCapabilities&service=WFS,"expected string or bytes-like object"
2026-09-27T09:40:19.329913+02:00,KT_FR,https://geo.fr.ch/ags/services/OpenData/Districts_francs/MapServer/WFSServer?request=GetCapabilities&service=WFS,"expected string or bytes-like object"
2026-09-27T09:40:22.221823+02:00,KT_FR,https://geo.fr.ch/ags/services/OpenData/Districts/MapServer/WFSServer?request=GetCapabilities&service=WFS,"expected string or bytes-like object"
2026-09-27T09:40:25.120401+02:00,KT_FR,https://geo.fr.ch/ags/services/OpenData/Donnees_FRIBO_sol_agricole/MapServer/WFSServer?request=GetCapabilities&service=WFS,"expected string or bytes-like object"
2026-09-27T09:40:28.138381+02:00,KT_FR,https://geo.fr.ch/ags/services/OpenData/Ecoles_primaires_batiments/MapServer/WFSServer?request=GetCapabilities&service=WFS,"expected string or bytes-like object"
2026-09-27T09:40:31.304508+02:00,KT_FR,https://geo.fr.ch/ags/services/OpenData/Ecoles_secondaires_batiments/MapServer/WFSServer?request=GetCapabilities&service=WFS,"expected string or bytes-like object"
2026-09-27T09:40:34.199320+02:00,KT_FR,https://geo.fr.ch/ags/services/OpenData/EGID_REGBL/MapServer/WFSServer?request=GetCapabilities&service=WFS,"expected string or bytes-like object"
2026-09-27T09:40:37.231628+02:00,KT_FR,https://geo.fr.ch/ags/services/OpenData/Elements_superposes_de_type_affectation_RDPPF_affectation/MapServer/WFSServer?request=GetCapabilities&service=WFS,"expected string or bytes-like object"
2026-09-27T09:40:40.099104+02:00,KT_FR,https://geo.fr.ch/ags/services/OpenData/Elements_superposes_de_type_protection_RDPPF_affectation/MapServer/WFSServer?request=GetCapabilities&service=WFS,"expected string or bytes-like object"
2026-09-27T09:40:43.122683+02:00,KT_FR,https://geo.fr.ch/ags/services/OpenData/Emplacement_des_barrieres_a_batraciens/MapServer/WFSServer?request=GetCapabilities&service=WFS,"expected string or bytes-like object"
2026-09-27T09:40:46.143300+02:00,KT_FR,https://geo.fr.ch/ags/services/OpenData/Entites_paysageres_CQP/MapServer/WFSServer?request=GetCapabilities&service=WFS,"expected string or bytes-like object"
2026-09-27T09:40:49.023763+02:00,KT_FR,https://geo.fr.ch/ags/services/OpenData/Entreprises_approuvees/MapServer/WFSServer?request=GetCapabilities&service=WFS,"expected string or bytes-like object"
2026-09-27T09:40:51.891782+02:00,KT_FR,https://geo.fr.ch/ags/services/OpenData/Entreprises_en_cours/MapServer/WFSServer?request=GetCapabilities&service=WFS,"expected string or bytes-like object"
2026-09-27T09:40:54.906315+02:00,KT_FR,https://geo.fr.ch/ags/services/OpenData/Entreprises_planifiees/MapServer/WFSServer?request=GetCapabilities&service=WFS,"expected string or bytes-like object"
2026-09-27T09:40:57.786973+02:00,KT_FR,https://geo.fr.ch/ags/services/OpenData/Equipes_d_arrondissement_routes_cantonales/MapServer/WFSServer?request=GetCapabilities&service=WFS,"expected string or bytes-like object"
2026-09-27T09:41:00.801684+02:00,KT_FR,https://geo.fr.ch/ags/services/OpenData/Etat_des_cartes_de_dangers/MapServer/WFSServer?request=GetCapabilities&service=WFS,"expected string or bytes-like object"
2026-09-27T09:41:03.696793+02:00,KT_FR,https://geo.fr.ch/ags/services/OpenData/Etat_du_registre_foncier/MapServer/WFSServer?request=GetCapabilities&service=WFS,"expected string or bytes-like object"
2026-09-27T09:41:06.862181+02:00,KT_FR,https://geo.fr.ch/ags/services/OpenData/Etudes_geologiques_geotechniques/MapServer/WFSServer?request=GetCapabilities&service=WFS,"expected string or bytes-like object"
2026-09-27T09:41:10.030709+02:00,KT_FR,https://geo.fr.ch/ags/services/OpenData/Exploitations_de_materiaux_et_decharges/MapServer/WFSServer?request=GetCapabilities&service=WFS,"expected string or bytes-like object"
2026-09-27T09:41:13.047159+02:00,KT_FR,https://geo.fr.ch/ags/services/OpenData/Forages_lies_a_des_constructions/MapServer/WFSServer?request=GetCapabilities&service=WFS,"expected string or bytes-like object"
2026-09-27T09:41:15.939475+02:00,KT_FR,https://geo.fr.ch/ags/services/OpenData/Forages_lies_a_des_sites_pollues/MapServer/WFSServer?request=GetCapabilities&service=WFS,"expected string or bytes-like object"
2026-09-27T09:41:18.813104+02:00,KT_FR,https://geo.fr.ch/ags/services/OpenData/Forages_lies_a_des_sondes_geothermiques/MapServer/WFSServer?request=GetCapabilities&service=WFS,"expected string or bytes-like object"
2026-09-27T09:41:21.678575+02:00,KT_FR,https://geo.fr.ch/ags/services/OpenData/Foret_de_protection_contre_les_dangers_naturels/MapServer/WFSServer?request=GetCapabilities&service=WFS,"expected string or bytes-like object"
2026-09-27T09:41:24.695904+02:00,KT_FR,https://geo.fr.ch/ags/services/OpenData/Gazoducs_OPAM/MapServer/WFSServer?request=GetCapabilities&service=WFS,"expected string or bytes-like object"
2026-09-27T09:41:27.605880+02:00,KT_FR,https://geo.fr.ch/ags/services/OpenData/Geotopes_d_importance_cantonale_GIC_Etude_de_base/MapServer/WFSServer?request=GetCapabilities&service=WFS,"expected string or bytes-like object"
2026-09-27T09:41:30.480303+02:00,KT_FR,https://geo.fr.ch/ags/services/OpenData/Geotopes/MapServer/WFSServer?request=GetCapabilities&service=WFS,"expected string or bytes-like object"
2026-09-27T09:41:33.497353+02:00,KT_FR,https://geo.fr.ch/ags/services/OpenData/Hauts_marais_d_importance_nationale/MapServer/WFSServer?request=GetCapabilities&service=WFS,"expected string or bytes-like object"
2026-09-27T09:41:36.379582+02:00,KT_FR,https://geo.fr.ch/ags/services/OpenData/Hierarchie_du_reseau_cyclable_plan_sectoriel_velo/MapServer/WFSServer?request=GetCapabilities&service=WFS,"expected string or bytes-like object"
2026-09-27T09:41:39.546555+02:00,KT_FR,https://geo.fr.ch/ags/services/OpenData/Horizons_sourciers_de_l_inventaire_des_eaux_souterraines/MapServer/WFSServer?request=GetCapabilities&service=WFS,"expected string or bytes-like object"
2026-09-27T09:41:43.052674+02:00,KT_FR,https://geo.fr.ch/ags/services/OpenData/Hors_reseau_AquaFri/MapServer/WFSServer?request=GetCapabilities&service=WFS,"expected string or bytes-like object"
2026-09-27T09:41:46.283595+02:00,KT_FR,https://geo.fr.ch/ags/services/OpenData/Hydrants_AquaFri/MapServer/WFSServer?request=GetCapabilities&service=WFS,"expected string or bytes-like object"
2026-09-27T09:41:49.306890+02:00,KT_FR,https://geo.fr.ch/ags/services/OpenData/Immeubles_en_vigueur/MapServer/WFSServer?request=GetCapabilities&service=WFS,"expected string or bytes-like object"
2026-09-27T09:41:52.343510+02:00,KT_FR,https://geo.fr.ch/ags/services/OpenData/Immeubles_projetes/MapServer/WFSServer?request=GetCapabilities&service=WFS,"expected string or bytes-like object"
2026-09-27T09:41:55.208524+02:00,KT_FR,https://geo.fr.ch/ags/services/OpenData/Infrastructures_d_accueil_en_foret_lignes/MapServer/WFSServer?request=GetCapabilities&service=WFS,"expected string or bytes-like object"
2026-09-27T09:41:58.250666+02:00,KT_FR,https://geo.fr.ch/ags/services/OpenData/Infrastructures_d_accueil_en_foret_points/MapServer/WFSServer?request=GetCapabilities&service=WFS,"expected string or bytes-like object"
2026-09-27T09:42:01.138889+02:00,KT_FR,https://geo.fr.ch/ags/services/OpenData/Installations_de_mesure_AquaFri/MapServer/WFSServer?request=GetCapabilities&service=WFS,"expected string or bytes-like object"
2026-09-27T09:42:04.166674+02:00,KT_FR,https://geo.fr.ch/ags/services/OpenData/Installations_de_traitement_AquaFri/MapServer/WFSServer?request=GetCapabilities&service=WFS,"expected string or bytes-like object"
2026-09-27T09:42:07.043907+02:00,KT_FR,https://geo.fr.ch/ags/services/OpenData/Installations_stationnaires_OPAM/MapServer/WFSServer?request=GetCapabilities&service=WFS,"expected string or bytes-like object"
2026-09-27T09:42:10.058853+02:00,KT_FR,https://geo.fr.ch/ags/services/OpenData/Irrigation/MapServer/WFSServer?request=GetCapabilities&service=WFS,"expected string or bytes-like object"
2026-09-27T09:42:12.944117+02:00,KT_FR,https://geo.fr.ch/ags/services/OpenData/Itineraire_d_agglomeration_planifie_plan_sectoriel_velo/MapServer/WFSServer?request=GetCapabilities&service=WFS,"expected string or bytes-like object"
2026-09-27T09:42:15.824891+02:00,KT_FR,https://geo.fr.ch/ags/services/OpenData/Itineraires_a_ski/MapServer/WFSServer?request=GetCapabilities&service=WFS,"expected string or bytes-like object"
2026-09-27T09:42:19.117718+02:00,KT_FR,https://geo.fr.ch/ags/services/OpenData/Itineraires_convois_exceptionnels/MapServer/WFSServer?request=GetCapabilities&service=WFS,"expected string or bytes-like object"
2026-09-27T09:42:21.996003+02:00,KT_FR,https://geo.fr.ch/ags/services/OpenData/Itineraires_en_raquette/MapServer/WFSServer?request=GetCapabilities&service=WFS,"expected string or bytes-like object"
2026-09-27T09:42:25.004038+02:00,KT_FR,https://geo.fr.ch/ags/services/OpenData/Itineraires_SuisseMobile_randonnee_pedestre/MapServer/WFSServer?request=GetCapabilities&service=WFS,"expected string or bytes-like object"
2026-09-27T09:42:28.171146+02:00,KT_FR,https://geo.fr.ch/ags/services/OpenData/Itineraires_SuisseMobile_roller/MapServer/WFSServer?request=GetCapabilities&service=WFS,"expected string or bytes-like object"
2026-09-27T09:42:31.038406+02:00,KT_FR,https://geo.fr.ch/ags/services/OpenData/Itineraires_SuisseMobile_velo/MapServer/WFSServer?request=GetCapabilities&service=WFS,"expected string or bytes-like object"
2026-09-27T09:42:34.066439+02:00,KT_FR,https://geo.fr.ch/ags/services/OpenData/Itineraires_SuisseMobile_VTT/MapServer/WFSServer?request=GetCapabilities&service=WFS,"expected string or bytes-like object"
2026-09-27T09:42:36.938471+02:00,KT_FR,https://geo.fr.ch/ags/services/OpenData/Lieux_de_detention_d_animaux/MapServer/WFSServer?request=GetCapabilities&service=WFS,"expected string or bytes-like object"
2026-09-27T09:42:39.947746+02:00,KT_FR,https://geo.fr.ch/ags/services/OpenData/Lieux_denommes_en_couleurs/MapServer/WFSServer?request=GetCapabilities&service=WFS,"expected string or bytes-like object"
2026-09-27T09:42:42.818773+02:00,KT_FR,https://geo.fr.ch/ags/services/OpenData/Lieux_denommes/MapServer/WFSServer?request=GetCapabilities&service=WFS,"expected string or bytes-like object"
2026-09-27T09:42:46.028266+02:00,KT_FR,https://geo.fr.ch/ags/services/OpenData/Lignes_de_transport_public/MapServer/WFSServer?request=GetCapabilities&service=WFS,"expected string or bytes-like object"
2026-09-27T09:42:48.909584+02:00,KT_FR,https://geo.fr.ch/ags/services/OpenData/Limitations_de_vitesse_routes_cantonales/MapServer/WFSServer?request=GetCapabilities&service=WFS,"expected string or bytes-like object"
2026-09-27T09:42:51.927637+02:00,KT_FR,https://geo.fr.ch/ags/services/OpenData/Limite_du_canton/MapServer/WFSServer?request=GetCapabilities&service=WFS,"expected string or bytes-like object"
2026-09-27T09:42:54.797273+02:00,KT_FR,https://geo.fr.ch/ags/services/OpenData/Limites_de_communes/MapServer/WFSServer?request=GetCapabilities&service=WFS,"expected string or bytes-like object"
2026-09-27T09:42:57.825782+02:00,KT_FR,https://geo.fr.ch/ags/services/OpenData/Limites_de_districts/MapServer/WFSServer?request=GetCapabilities&service=WFS,"expected string or bytes-like object"
2026-09-27T09:43:00.851439+02:00,KT_FR,https://geo.fr.ch/ags/services/OpenData/Limites_des_stations_forestieres/MapServer/WFSServer?request=GetCapabilities&service=WFS,"expected string or bytes-like object"
2026-09-27T09:43:03.875527+02:00,KT_FR,https://geo.fr.ch/ags/services/OpenData/Limites_des_zones_agricoles/MapServer/WFSServer?request=GetCapabilities&service=WFS,"expected string or bytes-like object"
2026-09-27T09:43:07.181760+02:00,KT_FR,https://geo.fr.ch/ags/services/OpenData/Limites_forestieres_statiques_RDPPF/MapServer/WFSServer?request=GetCapabilities&service=WFS,"expected string or bytes-like object"
2026-09-27T09:43:10.208910+02:00,KT_FR,https://geo.fr.ch/ags/services/OpenData/Limites_forestieres_statiques/MapServer/WFSServer?request=GetCapabilities&service=WFS,"expected string or bytes-like object"
2026-09-27T09:43:13.218931+02:00,KT_FR,https://geo.fr.ch/ags/services/OpenData/Localisation_des_sondes_geothermiques_SGV/MapServer/WFSServer?request=GetCapabilities&service=WFS,"expected string or bytes-like object"
2026-09-27T09:43:16.102948+02:00,KT_FR,https://geo.fr.ch/ags/services/OpenData/Localites_avec_presence_d_un_chauffage_a_distance/MapServer/WFSServer?request=GetCapabilities&service=WFS,"expected string or bytes-like object"
2026-09-27T09:43:19.122360+02:00,KT_FR,https://geo.fr.ch/ags/services/OpenData/Lots_de_mise_a_jour_periodique/MapServer/WFSServer?request=GetCapabilities&service=WFS,"expected string or bytes-like object"
2026-09-27T09:43:22.004760+02:00,KT_FR,https://geo.fr.ch/ags/services/OpenData/Lots_de_peche_affermee/MapServer/WFSServer?request=GetCapabilities&service=WFS,"expected string or bytes-like object"
2026-09-27T09:43:24.871762+02:00,KT_FR,https://geo.fr.ch/ags/services/OpenData/Lots_pour_la_pisciculture/MapServer/WFSServer?request=GetCapabilities&service=WFS,"expected string or bytes-like object"
2026-09-27T09:43:27.742788+02:00,KT_FR,https://geo.fr.ch/ags/services/OpenData/Materiau_et_diametre_des_conduites_AquaFri/MapServer/WFSServer?request=GetCapabilities&service=WFS,"expected string or bytes-like object"
2026-09-27T09:43:30.613249+02:00,KT_FR,https://geo.fr.ch/ags/services/OpenData/Modification_RCU_ou_revision_PAL_d_un_secteur_amenagement_local/MapServer/WFSServer?request=GetCapabilities&service=WFS,"expected string or bytes-like object"
2026-09-27T09:43:33.624576+02:00,KT_FR,https://geo.fr.ch/ags/services/OpenData/Muehleberg_Zone_de_danger_de_la_centrale/MapServer/WFSServer?request=GetCapabilities&service=WFS,"expected string or bytes-like object"
2026-09-27T09:43:36.790857+02:00,KT_FR,https://geo.fr.ch/ags/services/OpenData/Muehleberg_Zones_de_distribution_de_comprimes_d_iode/MapServer/WFSServer?request=GetCapabilities&service=WFS,"expected string or bytes-like object"
2026-09-27T09:43:39.806115+02:00,KT_FR,https://geo.fr.ch/ags/services/OpenData/Noeuds_de_trafic_routes_cantonales/MapServer/WFSServer?request=GetCapabilities&service=WFS,"expected string or bytes-like object"
2026-09-27T09:43:42.831237+02:00,KT_FR,https://geo.fr.ch/ags/services/OpenData/Noms_de_rues_et_de_lieux_denommes/MapServer/WFSServer?request=GetCapabilities&service=WFS,"expected string or bytes-like object"
2026-09-27T09:43:45.710017+02:00,KT_FR,https://geo.fr.ch/ags/services/OpenData/Noms_locaux/MapServer/WFSServer?request=GetCapabilities&service=WFS,"expected string or bytes-like object"
2026-09-27T09:43:48.734662+02:00,KT_FR,https://geo.fr.ch/ags/services/OpenData/NPA_et_localites/MapServer/WFSServer?request=GetCapabilities&service=WFS,"expected string or bytes-like object"
2026-09-27T09:43:51.634200+02:00,KT_FR,https://geo.fr.ch/ags/services/OpenData/Numeros_d_immeubles_en_vigueur/MapServer/WFSServer?request=GetCapabilities&service=WFS,"expected string or bytes-like object"
2026-09-27T09:43:54.802759+02:00,KT_FR,https://geo.fr.ch/ags/services/OpenData/Numeros_d_immeubles_projetes/MapServer/WFSServer?request=GetCapabilities&service=WFS,"expected string or bytes-like object"
2026-09-27T09:43:57.667396+02:00,KT_FR,https://geo.fr.ch/ags/services/OpenData/Numeros_de_maisons/MapServer/WFSServer?request=GetCapabilities&service=WFS,"expected string or bytes-like object"
2026-09-27T09:44:00.683956+02:00,KT_FR,https://geo.fr.ch/ags/services/OpenData/Numeros_des_batiments_et_noms_Labels_CS/MapServer/WFSServer?request=GetCapabilities&service=WFS,"expected string or bytes-like object"
2026-09-27T09:44:03.563396+02:00,KT_FR,https://geo.fr.ch/ags/services/OpenData/Objets_divers_lineaires/MapServer/WFSServer?request=GetCapabilities&service=WFS,"expected string or bytes-like object"
2026-09-27T09:44:06.593605+02:00,KT_FR,https://geo.fr.ch/ags/services/OpenData/Objets_divers_ponctuels/MapServer/WFSServer?request=GetCapabilities&service=WFS,"expected string or bytes-like object"
2026-09-27T09:44:09.613283+02:00,KT_FR,https://geo.fr.ch/ags/services/OpenData/Objets_divers_surfaciques/MapServer/WFSServer?request=GetCapabilities&service=WFS,"expected string or bytes-like object"
2026-09-27T09:44:12.627005+02:00,KT_FR,https://geo.fr.ch/ags/services/OpenData/Obstacles_convois_exceptionnels/MapServer/WFSServer?request=GetCapabilities&service=WFS,"expected string or bytes-like object"
2026-09-27T09:44:15.644207+02:00,KT_FR,https://geo.fr.ch/ags/services/OpenData/Organes_communaux_de_conduite_ORCOC/MapServer/WFSServer?request=GetCapabilities&service=WFS,"expected string or bytes-like object"
2026-09-27T09:44:18.675104+02:00,KT_FR,https://geo.fr.ch/ags/services/OpenData/Organisation_de_la_protection_civile/MapServer/WFSServer?request=GetCapabilities&service=WFS,"expected string or bytes-like object"
2026-09-27T09:44:21.548141+02:00,KT_FR,https://geo.fr.ch/ags/services/OpenData/Ouvrages_d_art_routes_cantonales/MapServer/WFSServer?request=GetCapabilities&service=WFS,"expected string or bytes-like object"
2026-09-27T09:44:24.565600+02:00,KT_FR,https://geo.fr.ch/ags/services/OpenData/Ouvrages_de_protection_lineaires_contre_les_instabilites_de_terrain_et_avalanches/MapServer/WFSServer?request=GetCapabilities&service=WFS,"expected string or bytes-like object"
2026-09-27T09:44:27.437791+02:00,KT_FR,https://geo.fr.ch/ags/services/OpenData/Ouvrages_de_protection_ponctuels_contre_les_instabilites_de_terrain_et_avalanches/MapServer/WFSServer?request=GetCapabilities&service=WFS,"expected string or bytes-like object"
2026-09-27T09:44:30.450767+02:00,KT_FR,https://geo.fr.ch/ags/services/OpenData/Ouvrages_de_protection_surfaciques_contre_les_instabilites_de_terrain_et_avalanches/MapServer/WFSServer?request=GetCapabilities&service=WFS,"expected string or bytes-like object"
2026-09-27T09:44:33.470432+02:00,KT_FR,https://geo.fr.ch/ags/services/OpenData/Ouvrages_fonction_canalisations_routes_cantonales/MapServer/WFSServer?request=GetCapabilities&service=WFS,"expected string or bytes-like object"
2026-09-27T09:44:36.645724+02:00,KT_FR,https://geo.fr.ch/ags/services/OpenData/Ouvrages_type_canalisations_routes_cantonales/MapServer/WFSServer?request=GetCapabilities&service=WFS,"expected string or bytes-like object"
2026-09-27T09:44:39.510319+02:00,KT_FR,https://geo.fr.ch/ags/services/OpenData/Parcs_naturels/MapServer/WFSServer?request=GetCapabilities&service=WFS,"expected string or bytes-like object"
2026-09-27T09:44:42.386667+02:00,KT_FR,https://geo.fr.ch/ags/services/OpenData/Paroisses_catholiques/MapServer/WFSServer?request=GetCapabilities&service=WFS,"expected string or bytes-like object"
2026-09-27T09:44:45.260841+02:00,KT_FR,https://geo.fr.ch/ags/services/OpenData/Paroisses_reformees/MapServer/WFSServer?request=GetCapabilities&service=WFS,"expected string or bytes-like object"
2026-09-27T09:44:48.142025+02:00,KT_FR,https://geo.fr.ch/ags/services/OpenData/Paysages_IFP/MapServer/WFSServer?request=GetCapabilities&service=WFS,"expected string or bytes-like object"
2026-09-27T09:44:51.161054+02:00,KT_FR,https://geo.fr.ch/ags/services/OpenData/Perimetre_de_couverture_Sirenes_de_la_PCi/MapServer/WFSServer?request=GetCapabilities&service=WFS,"expected string or bytes-like object"
2026-09-27T09:44:54.029178+02:00,KT_FR,https://geo.fr.ch/ags/services/OpenData/Perimetres_archeologiques/MapServer/WFSServer?request=GetCapabilities&service=WFS,"expected string or bytes-like object"
2026-09-27T09:44:57.039444+02:00,KT_FR,https://geo.fr.ch/ags/services/OpenData/Perimetres_d_epuration/MapServer/WFSServer?request=GetCapabilities&service=WFS,"expected string or bytes-like object"
2026-09-27T09:45:00.054037+02:00,KT_FR,https://geo.fr.ch/ags/services/OpenData/Perimetres_d_etude_detaillee___Crues_et_laves_torrentielles/MapServer/WFSServer?request=GetCapabilities&service=WFS,"expected string or bytes-like object"
2026-09-27T09:45:03.083277+02:00,KT_FR,https://geo.fr.ch/ags/services/OpenData/Perimetres_d_etude_detaillee___Instabilites_et_avalanches/MapServer/WFSServer?request=GetCapabilities&service=WFS,"expected string or bytes-like object"
2026-09-27T09:45:05.952560+02:00,KT_FR,https://geo.fr.ch/ags/services/OpenData/Perimetres_de_noms_locaux/MapServer/WFSServer?request=GetCapabilities&service=WFS,"expected string or bytes-like object"
2026-09-27T09:45:08.972763+02:00,KT_FR,https://geo.fr.ch/ags/services/OpenData/Perimetres_de_protection_des_eaux_souterraines_RDPPF/MapServer/WFSServer?request=GetCapabilities&service=WFS,"expected string or bytes-like object"
2026-09-27T09:45:11.995398+02:00,KT_FR,https://geo.fr.ch/ags/services/OpenData/Pistes_cyclables_routes_cantonales/MapServer/WFSServer?request=GetCapabilities&service=WFS,"expected string or bytes-like object"
2026-09-27T09:45:15.018794+02:00,KT_FR,https://geo.fr.ch/ags/services/OpenData/Plan_sectoriel_pour_l_exploitation_de_materiaux_PSEM/MapServer/WFSServer?request=GetCapabilities&service=WFS,"expected string or bytes-like object"
2026-09-27T09:45:17.894823+02:00,KT_FR,https://geo.fr.ch/ags/services/OpenData/Planification_cantonale_parcs_relais/MapServer/WFSServer?request=GetCapabilities&service=WFS,"expected string or bytes-like object"
2026-09-27T09:45:20.937383+02:00,KT_FR,https://geo.fr.ch/ags/services/OpenData/Points_de_limite_territoriale/MapServer/WFSServer?request=GetCapabilities&service=WFS,"expected string or bytes-like object"
2026-09-27T09:45:23.958636+02:00,KT_FR,https://geo.fr.ch/ags/services/OpenData/Points_de_Repere_SRB/MapServer/WFSServer?request=GetCapabilities&service=WFS,"expected string or bytes-like object"
2026-09-27T09:45:26.971614+02:00,KT_FR,https://geo.fr.ch/ags/services/OpenData/Points_fixes/MapServer/WFSServer?request=GetCapabilities&service=WFS,"expected string or bytes-like object"
2026-09-27T09:45:29.851239+02:00,KT_FR,https://geo.fr.ch/ags/services/OpenData/Points_limites_projetes/MapServer/WFSServer?request=GetCapabilities&service=WFS,"expected string or bytes-like object"
2026-09-27T09:45:32.871784+02:00,KT_FR,https://geo.fr.ch/ags/services/OpenData/Points_limites/MapServer/WFSServer?request=GetCapabilities&service=WFS,"expected string or bytes-like object"
2026-09-27T09:45:35.901124+02:00,KT_FR,https://geo.fr.ch/ags/services/OpenData/Pompes_AquaFri/MapServer/WFSServer?request=GetCapabilities&service=WFS,"expected string or bytes-like object"
2026-09-27T09:45:38.777904+02:00,KT_FR,https://geo.fr.ch/ags/services/OpenData/Postes_de_comptage_de_trafic/MapServer/WFSServer?request=GetCapabilities&service=WFS,"expected string or bytes-like object"
2026-09-27T09:45:42.071374+02:00,KT_FR,https://geo.fr.ch/ags/services/OpenData/Pression_statique_des_hydrants_AquaFri/MapServer/WFSServer?request=GetCapabilities&service=WFS,"expected string or bytes-like object"
2026-09-27T09:45:45.297093+02:00,KT_FR,https://geo.fr.ch/ags/services/OpenData/Produits_d_alpage/MapServer/WFSServer?request=GetCapabilities&service=WFS,"expected string or bytes-like object"
2026-09-27T09:45:48.481928+02:00,KT_FR,https://geo.fr.ch/ags/services/OpenData/Produits_de_montagne/MapServer/WFSServer?request=GetCapabilities&service=WFS,"expected string or bytes-like object"
2026-09-27T09:45:51.657574+02:00,KT_FR,https://geo.fr.ch/ags/services/OpenData/Projets_paysage_CQP/MapServer/WFSServer?request=GetCapabilities&service=WFS,"expected string or bytes-like object"
2026-09-27T09:45:54.687898+02:00,KT_FR,https://geo.fr.ch/ags/services/OpenData/Projets_VALTRALOC/MapServer/WFSServer?request=GetCapabilities&service=WFS,"expected string or bytes-like object"
2026-09-27T09:45:57.714995+02:00,KT_FR,https://geo.fr.ch/ags/services/OpenData/Proportion_du_bati_expose_aux_dangers_naturels_par_commune/MapServer/WFSServer?request=GetCapabilities&service=WFS,"expected string or bytes-like object"
2026-09-27T09:46:00.740140+02:00,KT_FR,https://geo.fr.ch/ags/services/OpenData/Qualite_des_donnees_descriptives/MapServer/WFSServer?request=GetCapabilities&service=WFS,"expected string or bytes-like object"
2026-09-27T09:46:03.621474+02:00,KT_FR,https://geo.fr.ch/ags/services/OpenData/Qualite_des_immeubles_en_vigueur/MapServer/WFSServer?request=GetCapabilities&service=WFS,"expected string or bytes-like object"
2026-09-27T09:46:06.494951+02:00,KT_FR,https://geo.fr.ch/ags/services/OpenData/Qualite_des_immeubles_projetes/MapServer/WFSServer?request=GetCapabilities&service=WFS,"expected string or bytes-like object"
2026-09-27T09:46:09.588737+02:00,KT_FR,https://geo.fr.ch/ags/services/OpenData/Reducteurs_AquaFri/MapServer/WFSServer?request=GetCapabilities&service=WFS,"expected string or bytes-like object"
2026-09-27T09:46:12.464667+02:00,KT_FR,https://geo.fr.ch/ags/services/OpenData/Remaniements_parcellaires/MapServer/WFSServer?request=GetCapabilities&service=WFS,"expected string or bytes-like object"
2026-09-27T09:46:15.498951+02:00,KT_FR,https://geo.fr.ch/ags/services/OpenData/Repartition_des_niveaux_de_tolerance/MapServer/WFSServer?request=GetCapabilities&service=WFS,"expected string or bytes-like object"
2026-09-27T09:46:18.513120+02:00,KT_FR,https://geo.fr.ch/ags/services/OpenData/Repartitions_des_plans/MapServer/WFSServer?request=GetCapabilities&service=WFS,"expected string or bytes-like object"
2026-09-27T09:46:21.548395+02:00,KT_FR,https://geo.fr.ch/ags/services/OpenData/Reseau_d_itineraires_en_zones_de_tranquillite/MapServer/WFSServer?request=GetCapabilities&service=WFS,"expected string or bytes-like object"
2026-09-27T09:46:24.409696+02:00,KT_FR,https://geo.fr.ch/ags/services/OpenData/Reseaux_ecologiques/MapServer/WFSServer?request=GetCapabilities&service=WFS,"expected string or bytes-like object"
2026-09-27T09:46:27.278313+02:00,KT_FR,https://geo.fr.ch/ags/services/OpenData/Reseaux_integres_dans_AquaFri/MapServer/WFSServer?request=GetCapabilities&service=WFS,"expected string or bytes-like object"
2026-09-27T09:46:30.506805+02:00,KT_FR,https://geo.fr.ch/ags/services/OpenData/Reseaux_non_integres_dans_AquaFri/MapServer/WFSServer?request=GetCapabilities&service=WFS,"expected string or bytes-like object"
2026-09-27T09:46:33.671289+02:00,KT_FR,https://geo.fr.ch/ags/services/OpenData/Reserve_mycologique/MapServer/WFSServer?request=GetCapabilities&service=WFS,"expected string or bytes-like object"
2026-09-27T09:46:36.539751+02:00,KT_FR,https://geo.fr.ch/ags/services/OpenData/Reserves_d_oiseaux_d_eau_et_migrateurs/MapServer/WFSServer?request=GetCapabilities&service=WFS,"expected string or bytes-like object"
2026-09-27T09:46:39.835000+02:00,KT_FR,https://geo.fr.ch/ags/services/OpenData/Reserves_de_faune_pour_la_chasse/MapServer/WFSServer?request=GetCapabilities&service=WFS,"expected string or bytes-like object"
2026-09-27T09:46:42.861160+02:00,KT_FR,https://geo.fr.ch/ags/services/OpenData/Reserves_forestieres_RDPPF/MapServer/WFSServer?request=GetCapabilities&service=WFS,"expected string or bytes-like object"
2026-09-27T09:46:45.732553+02:00,KT_FR,https://geo.fr.ch/ags/services/OpenData/Reserves_forestieres/MapServer/WFSServer?request=GetCapabilities&service=WFS,"expected string or bytes-like object"
2026-09-27T09:46:48.767774+02:00,KT_FR,https://geo.fr.ch/ags/services/OpenData/Reserves_naturelles_cantonales/MapServer/WFSServer?request=GetCapabilities&service=WFS,"expected string or bytes-like object"
2026-09-27T09:46:51.819212+02:00,KT_FR,https://geo.fr.ch/ags/services/OpenData/Reserves_paysageres_cantonales/MapServer/WFSServer?request=GetCapabilities&service=WFS,"expected string or bytes-like object"
2026-09-27T09:46:54.702610+02:00,KT_FR,https://geo.fr.ch/ags/services/OpenData/Reservoirs_AquaFri/MapServer/WFSServer?request=GetCapabilities&service=WFS,"expected string or bytes-like object"
2026-09-27T09:46:57.581854+02:00,KT_FR,https://geo.fr.ch/ags/services/OpenData/Ressources___sources_et_puits___de_l_inventaire_des_eaux_souterraines/MapServer/WFSServer?request=GetCapabilities&service=WFS,"expected string or bytes-like object"
2026-09-27T09:47:00.468066+02:00,KT_FR,https://geo.fr.ch/ags/services/OpenData/Revetements_phono_absorbants_routes_cantonales/MapServer/WFSServer?request=GetCapabilities&service=WFS,"expected string or bytes-like object"
2026-09-27T09:47:03.343256+02:00,KT_FR,https://geo.fr.ch/ags/services/OpenData/Revision_generale_PAL_amenagement_local/MapServer/WFSServer?request=GetCapabilities&service=WFS,"expected string or bytes-like object"
2026-09-27T09:47:06.373627+02:00,KT_FR,https://geo.fr.ch/ags/services/OpenData/Routes_Cantonales_ORGT___OUMin/MapServer/WFSServer?request=GetCapabilities&service=WFS,"expected string or bytes-like object"
2026-09-27T09:47:09.274023+02:00,KT_FR,https://geo.fr.ch/ags/services/OpenData/Routes_Cantonales_OSR/MapServer/WFSServer?request=GetCapabilities&service=WFS,"expected string or bytes-like object"
2026-09-27T09:47:12.293026+02:00,KT_FR,https://geo.fr.ch/ags/services/OpenData/Routes_lineaires_OPAM/MapServer/WFSServer?request=GetCapabilities&service=WFS,"expected string or bytes-like object"
2026-09-27T09:47:15.460180+02:00,KT_FR,https://geo.fr.ch/ags/services/OpenData/Routes_Nationales/MapServer/WFSServer?request=GetCapabilities&service=WFS,"expected string or bytes-like object"
2026-09-27T09:47:18.328397+02:00,KT_FR,https://geo.fr.ch/ags/services/OpenData/Routes_surfaciques_OPAM/MapServer/WFSServer?request=GetCapabilities&service=WFS,"expected string or bytes-like object"
2026-09-27T09:47:21.354967+02:00,KT_FR,https://geo.fr.ch/ags/services/OpenData/Ruisseaux_utilises_par_l_Etat/MapServer/WFSServer?request=GetCapabilities&service=WFS,"expected string or bytes-like object"
2026-09-27T09:47:24.247806+02:00,KT_FR,https://geo.fr.ch/ags/services/OpenData/Salamandre_tachetee/MapServer/WFSServer?request=GetCapabilities&service=WFS,"expected string or bytes-like object"
2026-09-27T09:47:27.264412+02:00,KT_FR,https://geo.fr.ch/ags/services/OpenData/Secteur_de_dangers_naturels_RDPPF_affectation/MapServer/WFSServer?request=GetCapabilities&service=WFS,"expected string or bytes-like object"
2026-09-27T09:47:30.424517+02:00,KT_FR,https://geo.fr.ch/ags/services/OpenData/Secteurs_a_objectifs_de_protection_du_patrimoine_PAL/MapServer/WFSServer?request=GetCapabilities&service=WFS,"expected string or bytes-like object"
2026-09-27T09:47:33.298877+02:00,KT_FR,https://geo.fr.ch/ags/services/OpenData/Secteurs_de_faune/MapServer/WFSServer?request=GetCapabilities&service=WFS,"expected string or bytes-like object"
2026-09-27T09:47:36.167654+02:00,KT_FR,https://geo.fr.ch/ags/services/OpenData/Secteurs_de_protection_du_patrimoine_ayant_passe_l_enquete_publique_PAL_en_revison/MapServer/WFSServer?request=GetCapabilities&service=WFS,"expected string or bytes-like object"
2026-09-27T09:47:39.200631+02:00,KT_FR,https://geo.fr.ch/ags/services/OpenData/Secteurs_soumis_a_PAD_amenagement_local/MapServer/WFSServer?request=GetCapabilities&service=WFS,"expected string or bytes-like object"
2026-09-27T09:47:42.217214+02:00,KT_FR,https://geo.fr.ch/ags/services/OpenData/Servitudes_Labels/MapServer/WFSServer?request=GetCapabilities&service=WFS,"expected string or bytes-like object"
2026-09-27T09:47:45.101747+02:00,KT_FR,https://geo.fr.ch/ags/services/OpenData/Servitudes_Lignes/MapServer/WFSServer?request=GetCapabilities&service=WFS,"expected string or bytes-like object"
2026-09-27T09:47:47.980181+02:00,KT_FR,https://geo.fr.ch/ags/services/OpenData/Servitudes_Points/MapServer/WFSServer?request=GetCapabilities&service=WFS,"expected string or bytes-like object"
2026-09-27T09:47:50.872738+02:00,KT_FR,https://geo.fr.ch/ags/services/OpenData/Servitudes_Surfaces/MapServer/WFSServer?request=GetCapabilities&service=WFS,"expected string or bytes-like object"
2026-09-27T09:47:53.923164+02:00,KT_FR,https://geo.fr.ch/ags/services/OpenData/Sirenes_de_la_PCi/MapServer/WFSServer?request=GetCapabilities&service=WFS,"expected string or bytes-like object"
2026-09-27T09:47:56.957451+02:00,KT_FR,https://geo.fr.ch/ags/services/OpenData/Sites_bases_sur_l_ISOS/MapServer/WFSServer?request=GetCapabilities&service=WFS,"expected string or bytes-like object"
2026-09-27T09:47:59.975010+02:00,KT_FR,https://geo.fr.ch/ags/services/OpenData/Sites_de_reproduction_de_batraciens_d_importance_locale/MapServer/WFSServer?request=GetCapabilities&service=WFS,"expected string or bytes-like object"
2026-09-27T09:48:02.996630+02:00,KT_FR,https://geo.fr.ch/ags/services/OpenData/Sites_marecageux_d_importance_nationale/MapServer/WFSServer?request=GetCapabilities&service=WFS,"expected string or bytes-like object"
2026-09-27T09:48:05.906481+02:00,KT_FR,https://geo.fr.ch/ags/services/OpenData/Sites_prioritaires_prairies_et_paturages_secs/MapServer/WFSServer?request=GetCapabilities&service=WFS,"expected string or bytes-like object"
2026-09-27T09:48:08.966379+02:00,KT_FR,https://geo.fr.ch/ags/services/OpenData/Stations_d_epuration/MapServer/WFSServer?request=GetCapabilities&service=WFS,"expected string or bytes-like object"
2026-09-27T09:48:11.841725+02:00,KT_FR,https://geo.fr.ch/ags/services/OpenData/Stations_de_fecondation_des_abeilles/MapServer/WFSServer?request=GetCapabilities&service=WFS,"expected string or bytes-like object"
2026-09-27T09:48:15.012756+02:00,KT_FR,https://geo.fr.ch/ags/services/OpenData/Stations_forestieres/MapServer/WFSServer?request=GetCapabilities&service=WFS,"expected string or bytes-like object"
2026-09-27T09:48:18.173203+02:00,KT_FR,https://geo.fr.ch/ags/services/OpenData/Stations_meteo_degres_jours_et_temperatures_moyennes/MapServer/WFSServer?request=GetCapabilities&service=WFS,"expected string or bytes-like object"
2026-09-27T09:48:21.202661+02:00,KT_FR,https://geo.fr.ch/ags/services/OpenData/Statuts_des_donnees_descriptives/MapServer/WFSServer?request=GetCapabilities&service=WFS,"expected string or bytes-like object"
2026-09-27T09:48:24.127175+02:00,KT_FR,https://geo.fr.ch/ags/services/OpenData/Statuts_des_immeubles_en_vigueur/MapServer/WFSServer?request=GetCapabilities&service=WFS,"expected string or bytes-like object"
2026-09-27T09:48:27.001331+02:00,KT_FR,https://geo.fr.ch/ags/services/OpenData/Statuts_des_immeubles_projetes/MapServer/WFSServer?request=GetCapabilities&service=WFS,"expected string or bytes-like object"
2026-09-27T09:48:30.164204+02:00,KT_FR,https://geo.fr.ch/ags/services/OpenData/Structures_d_accueil/MapServer/WFSServer?request=GetCapabilities&service=WFS,"expected string or bytes-like object"
2026-09-27T09:48:33.032764+02:00,KT_FR,https://geo.fr.ch/ags/services/OpenData/Structures_d_activites_de_promotion_enfance_jeunesse/MapServer/WFSServer?request=GetCapabilities&service=WFS,"expected string or bytes-like object"
2026-09-27T09:48:36.204974+02:00,KT_FR,https://geo.fr.ch/ags/services/OpenData/Surface_chaussee_routes_cantonales/MapServer/WFSServer?request=GetCapabilities&service=WFS,"expected string or bytes-like object"
2026-09-27T09:48:39.220550+02:00,KT_FR,https://geo.fr.ch/ags/services/OpenData/Surface_de_couverture_Sirenes_de_la_PCi/MapServer/WFSServer?request=GetCapabilities&service=WFS,"expected string or bytes-like object"
2026-09-27T09:48:42.096138+02:00,KT_FR,https://geo.fr.ch/ags/services/OpenData/Surfaces_a_aptitude_reduite_pour_la_culture_des_champs/MapServer/WFSServer?request=GetCapabilities&service=WFS,"expected string or bytes-like object"
2026-09-27T09:48:44.972767+02:00,KT_FR,https://geo.fr.ch/ags/services/OpenData/Surfaces_d_assolement/MapServer/WFSServer?request=GetCapabilities&service=WFS,"expected string or bytes-like object"
2026-09-27T09:48:47.989067+02:00,KT_FR,https://geo.fr.ch/ags/services/OpenData/Surfaces_de_promotion_de_la_biodiversite_SPB_I/MapServer/WFSServer?request=GetCapabilities&service=WFS,"expected string or bytes-like object"
2026-09-27T09:48:50.878632+02:00,KT_FR,https://geo.fr.ch/ags/services/OpenData/Surfaces_de_promotion_de_la_biodiversite_SPB_II_Estivage/MapServer/WFSServer?request=GetCapabilities&service=WFS,"expected string or bytes-like object"
2026-09-27T09:48:53.749649+02:00,KT_FR,https://geo.fr.ch/ags/services/OpenData/Surfaces_de_promotion_de_la_biodiversite_SPB_II_Plaine/MapServer/WFSServer?request=GetCapabilities&service=WFS,"expected string or bytes-like object"
2026-09-27T09:48:56.631270+02:00,KT_FR,https://geo.fr.ch/ags/services/OpenData/Syndicats_de_chemins_alpestres/MapServer/WFSServer?request=GetCapabilities&service=WFS,"expected string or bytes-like object"
2026-09-27T09:48:59.643806+02:00,KT_FR,https://geo.fr.ch/ags/services/OpenData/Talus_a_valeur_ecologique_routes_cantonales/MapServer/WFSServer?request=GetCapabilities&service=WFS,"expected string or bytes-like object"
2026-09-27T09:49:02.819643+02:00,KT_FR,https://geo.fr.ch/ags/services/OpenData/Terrains_en_pente/MapServer/WFSServer?request=GetCapabilities&service=WFS,"expected string or bytes-like object"
2026-09-27T09:49:05.838802+02:00,KT_FR,https://geo.fr.ch/ags/services/OpenData/Territoires_de_chasse_en_montagne/MapServer/WFSServer?request=GetCapabilities&service=WFS,"expected string or bytes-like object"
2026-09-27T09:49:08.853172+02:00,KT_FR,https://geo.fr.ch/ags/services/OpenData/Trafic_journalier_moyen/MapServer/WFSServer?request=GetCapabilities&service=WFS,"expected string or bytes-like object"
2026-09-27T09:49:11.870999+02:00,KT_FR,https://geo.fr.ch/ags/services/OpenData/Trafic_poids_lourds/MapServer/WFSServer?request=GetCapabilities&service=WFS,"expected string or bytes-like object"
2026-09-27T09:49:14.885184+02:00,KT_FR,https://geo.fr.ch/ags/services/OpenData/Triages_forestiers/MapServer/WFSServer?request=GetCapabilities&service=WFS,"expected string or bytes-like object"
2026-09-27T09:49:17.763614+02:00,KT_FR,https://geo.fr.ch/ags/services/OpenData/Troncons_de_rues_en_couleurs/MapServer/WFSServer?request=GetCapabilities&service=WFS,"expected string or bytes-like object"
2026-09-27T09:49:20.654132+02:00,KT_FR,https://geo.fr.ch/ags/services/OpenData/Troncons_de_rues/MapServer/WFSServer?request=GetCapabilities&service=WFS,"expected string or bytes-like object"
2026-09-27T09:49:23.539585+02:00,KT_FR,https://geo.fr.ch/ags/services/OpenData/Type_d_objet_ISOS___Ligne/MapServer/WFSServer?request=GetCapabilities&service=WFS,"expected string or bytes-like object"
2026-09-27T09:49:26.426804+02:00,KT_FR,https://geo.fr.ch/ags/services/OpenData/Type_d_objet_ISOS___Polygone/MapServer/WFSServer?request=GetCapabilities&service=WFS,"expected string or bytes-like object"
2026-09-27T09:49:29.455497+02:00,KT_FR,https://geo.fr.ch/ags/services/OpenData/Unites_d_exploitation/MapServer/WFSServer?request=GetCapabilities&service=WFS,"expected string or bytes-like object"
2026-09-27T09:49:32.634107+02:00,KT_FR,https://geo.fr.ch/ags/services/OpenData/Unites_de_gestion_des_forets_publiques/MapServer/WFSServer?request=GetCapabilities&service=WFS,"expected string or bytes-like object"
2026-09-27T09:49:35.506201+02:00,KT_FR,https://geo.fr.ch/ags/services/OpenData/Unites_pastorales_catholiques/MapServer/WFSServer?request=GetCapabilities&service=WFS,"expected string or bytes-like object"
2026-09-27T09:49:38.532036+02:00,KT_FR,https://geo.fr.ch/ags/services/OpenData/Vannes_AquaFri/MapServer/WFSServer?request=GetCapabilities&service=WFS,"expected string or bytes-like object"
2026-09-27T09:49:41.399390+02:00,KT_FR,https://geo.fr.ch/ags/services/OpenData/Vigne_en_production_AOC/MapServer/WFSServer?request=GetCapabilities&service=WFS,"expected string or bytes-like object"
2026-09-27T09:49:44.851234+02:00,KT_FR,https://geo.fr.ch/ags/services/OpenData/Vignobles_en_pente/MapServer/WFSServer?request=GetCapabilities&service=WFS,"expected string or bytes-like object"
2026-09-27T09:49:47.870623+02:00,KT_FR,https://geo.fr.ch/ags/services/OpenData/Voies_historiques_IVS/MapServer/WFSServer?request=GetCapabilities&service=WFS,"expected string or bytes-like object"
2026-09-27T09:49:50.756655+02:00,KT_FR,https://geo.fr.ch/ags/services/OpenData/Zones_alluviales_d_importance_locale/MapServer/WFSServer?request=GetCapabilities&service=WFS,"expected string or bytes-like object"
2026-09-27T09:49:53.892713+02:00,KT_FR,https://geo.fr.ch/ags/services/OpenData/Zones_alluviales_d_importance_nationale/MapServer/WFSServer?request=GetCapabilities&service=WFS,"expected string or bytes-like object"
2026-09-27T09:49:57.096878+02:00,KT_FR,https://geo.fr.ch/ags/services/OpenData/Zones_alluviales/MapServer/WFSServer?request=GetCapabilities&service=WFS,"expected string or bytes-like object"
2026-09-27T09:49:59.963937+02:00,KT_FR,https://geo.fr.ch/ags/services/OpenData/Zones_de_contribution_federale_MO/MapServer/WFSServer?request=GetCapabilities&service=WFS,"expected string or bytes-like object"
2026-09-27T09:50:03.159370+02:00,KT_FR,https://geo.fr.ch/ags/services/OpenData/Zones_de_desserte_de_l_approvisionnement_en_electricite/MapServer/WFSServer?request=GetCapabilities&service=WFS,"expected string or bytes-like object"
2026-09-27T09:50:06.310780+02:00,KT_FR,https://geo.fr.ch/ags/services/OpenData/Zones_de_protection_des_eaux_souterraines_RDPPF/MapServer/WFSServer?request=GetCapabilities&service=WFS,"expected string or bytes-like object"
2026-09-27T09:50:09.180791+02:00,KT_FR,https://geo.fr.ch/ags/services/OpenData/Zones_de_recrutement_des_etablissements_primaires_francophones/MapServer/WFSServer?request=GetCapabilities&service=WFS,"expected string or bytes-like object"
2026-09-27T09:50:12.068122+02:00,KT_FR,https://geo.fr.ch/ags/services/OpenData/Zones_de_recrutement_des_etablissements_primaires_germanophones/MapServer/WFSServer?request=GetCapabilities&service=WFS,"expected string or bytes-like object"
2026-09-27T09:50:14.945588+02:00,KT_FR,https://geo.fr.ch/ags/services/OpenData/Zones_de_recrutement_des_etablissements_secondaires_francophones/MapServer/WFSServer?request=GetCapabilities&service=WFS,"expected string or bytes-like object"
2026-09-27T09:50:18.118252+02:00,KT_FR,https://geo.fr.ch/ags/services/OpenData/Zones_de_recrutement_des_etablissements_secondaires_germanophones/MapServer/WFSServer?request=GetCapabilities&service=WFS,"expected string or bytes-like object"
2026-09-27T09:50:20.993207+02:00,KT_FR,https://geo.fr.ch/ags/services/OpenData/Zones_de_tensions_negligeables/MapServer/WFSServer?request=GetCapabilities&service=WFS,"expected string or bytes-like object"
2026-09-27T09:50:24.013066+02:00,KT_FR,https://geo.fr.ch/ags/services/OpenData/Zones_de_tranquillite/MapServer/WFSServer?request=GetCapabilities&service=WFS,"expected string or bytes-like object"
2026-09-27T09:50:27.051655+02:00,KT_FR,https://geo.fr.ch/ags/services/OpenData/Zones_et_reserves_de_peche_cours_d_eau/MapServer/WFSServer?request=GetCapabilities&service=WFS,"expected string or bytes-like object"
2026-09-27T09:50:35.082111+02:00,KT_FR,https://geo.fr.ch/ags/services/OpenData/Zones_et_reserves_de_peche_lacs/MapServer/WFSServer?request=GetCapabilities&service=WFS,"expected string or bytes-like object"
2026-09-27T09:50:38.418535+02:00,KT_FR,https://geo.fr.ch/ags/services/OpenData/Zones_humides_Ramsar/MapServer/WFSServer?request=GetCapabilities&service=WFS,"expected string or bytes-like object"
2026-09-27T09:50:41.718848+02:00,KT_FR,https://geo.fr.ch/ags/services/OpenData/Zones_interdites_au_kitesurfing/MapServer/WFSServer?request=GetCapabilities&service=WFS,"expected string or bytes-like object"
2026-09-27T09:50:44.729235+02:00,KT_FR,https://geo.fr.ch/ags/services/OpenData/Zones_reservees_des_routes_cantonales_RDPPF/MapServer/WFSServer?request=GetCapabilities&service=WFS,"expected string or bytes-like object"
2026-09-27T09:50:47.767123+02:00,KT_FR,https://geo.fr.ch/ags/services/OpenData/Zones_reservees_RDPPF_affectation/MapServer/WFSServer?request=GetCapabilities&service=WFS,"expected string or bytes-like object"
2026-09-27T09:50:50.649382+02:00,KT_FR,https://geo.fr.ch/ags/services/OpenData/Zones_superposees_de_protection_de_la_nature_et_du_paysage/MapServer/WFSServer?request=GetCapabilities&service=WFS,"expected string or bytes-like object"
2026-09-27T09:50:53.523490+02:00,KT_FR,https://geo.fr.ch/ags/services/OpenData_Raster/Lignes_de_vol_LIDAR_2015_2017/MapServer/WMSServer?request=GetCapabilities&service=WMS,"expected string or bytes-like object"
2026-09-27T09:50:56.536002+02:00,KT_FR,https://geo.fr.ch/ags/services/OpenData/Couverture_du_sol/MapServer/WMSServer?request=GetCapabilities&service=WMS,"expected string or bytes-like object"
2026-09-27T09:50:59.421579+02:00,KT_FR,https://geo.fr.ch/ags/services/OpenData/Accidents_de_la_circulation_routiere/MapServer/WMSServer?request=GetCapabilities&service=WMS,"expected string or bytes-like object"
2026-09-27T09:51:02.432757+02:00,KT_FR,https://geo.fr.ch/ags/services/OpenData/Arrondissements_d_entretien_routes_cantonales/MapServer/WMSServer?request=GetCapabilities&service=WMS,"expected string or bytes-like object"
2026-09-27T09:51:05.459512+02:00,KT_FR,https://geo.fr.ch/ags/services/OpenData/Elements_superposes_de_type_protection_RDPPF_affectation/MapServer/WMSServer?request=GetCapabilities&service=WMS,"expected string or bytes-like object"
2026-09-27T09:51:08.483055+02:00,KT_FR,https://geo.fr.ch/ags/services/OpenData/Structures_d_activites_de_promotion_enfance_jeunesse/MapServer/WMSServer?request=GetCapabilities&service=WMS,"expected string or bytes-like object"
2026-09-27T09:51:11.493598+02:00,KT_FR,https://geo.fr.ch/ags/services/OpenData_Raster/Relief_de_terrain_ombre_MNT_2016/MapServer/WMSServer?request=GetCapabilities&service=WMS,"expected string or bytes-like object"
2026-09-27T09:51:14.528078+02:00,KT_FR,https://geo.fr.ch/ags/services/OpenData/Decoupage_du_nuage_de_points_classifies_swissSURFACE3D_pour_telechargement_par_tuile/MapServer/WMSServer?request=GetCapabilities&service=WMS,"expected string or bytes-like object"
2026-09-27T09:51:17.539324+02:00,KT_FR,https://geo.fr.ch/ags/services/OpenData_Raster/MNT_swissALTI3D/MapServer/WMSServer?request=GetCapabilities&service=WMS,"expected string or bytes-like object"
2026-09-27T09:51:20.408209+02:00,KT_FR,https://geo.fr.ch/ags/services/OpenData/Demandes_de_permis_de_construire_en_traitement/MapServer/WMSServer?request=GetCapabilities&service=WMS,"expected string or bytes-like object"
2026-09-27T09:51:23.426339+02:00,KT_FR,https://geo.fr.ch/ags/services/OpenData/Noms_locaux/MapServer/WMSServer?request=GetCapabilities&service=WMS,"expected string or bytes-like object"
2026-09-27T09:51:26.306911+02:00,KT_FR,https://geo.fr.ch/ags/services/OpenData/Perimetres_de_noms_locaux/MapServer/WMSServer?request=GetCapabilities&service=WMS,"expected string or bytes-like object"
2026-09-27T09:51:29.170415+02:00,KT_FR,https://geo.fr.ch/ags/services/OpenData/Itineraires_en_raquette/MapServer/WMSServer?request=GetCapabilities&service=WMS,"expected string or bytes-like object"
2026-09-27T09:51:32.206243+02:00,KT_FR,https://geo.fr.ch/ags/services/OpenData/Qualite_des_immeubles_projetes/MapServer/WMSServer?request=GetCapabilities&service=WMS,"expected string or bytes-like object"
2026-09-27T09:51:35.086345+02:00,KT_FR,https://geo.fr.ch/ags/services/OpenData/Infrastructures_d_accueil_en_foret_points/MapServer/WMSServer?request=GetCapabilities&service=WMS,"expected string or bytes-like object"
2026-09-27T09:51:38.100521+02:00,KT_FR,https://geo.fr.ch/ags/services/OpenData/Localisation_des_sondes_geothermiques_SGV/MapServer/WMSServer?request=GetCapabilities&service=WMS,"expected string or bytes-like object"
2026-09-27T09:51:41.118333+02:00,KT_FR,https://geo.fr.ch/ags/services/OpenData/Entites_paysageres_CQP/MapServer/WMSServer?request=GetCapabilities&service=WMS,"expected string or bytes-like object"
2026-09-27T09:51:44.155553+02:00,KT_FR,https://geo.fr.ch/ags/services/OpenData/Qualite_de_desserte_en_transport_public/MapServer/WMSServer?request=GetCapabilities&service=WMS,"expected string or bytes-like object"
2026-09-27T09:51:47.183363+02:00,KT_FR,https://geo.fr.ch/ags/services/OpenData/Sites_marecageux_d_importance_nationale/MapServer/WMSServer?request=GetCapabilities&service=WMS,"expected string or bytes-like object"
2026-09-27T09:51:50.201163+02:00,KT_FR,https://geo.fr.ch/ags/services/OpenData/Communes/MapServer/WMSServer?request=GetCapabilities&service=WMS,"expected string or bytes-like object"
2026-09-27T09:51:53.377758+02:00,KT_FR,https://geo.fr.ch/ags/services/OpenData/Ouvrages_de_protection_lineaires_contre_les_instabilites_de_terrain_et_avalanches/MapServer/WMSServer?request=GetCapabilities&service=WMS,"expected string or bytes-like object"
2026-09-27T09:51:56.246089+02:00,KT_FR,https://geo.fr.ch/ags/services/OpenData/Gazoducs_OPAM/MapServer/WMSServer?request=GetCapabilities&service=WMS,"expected string or bytes-like object"
2026-09-27T09:51:59.265723+02:00,KT_FR,https://geo.fr.ch/ags/services/OpenData/Points_limites/MapServer/WMSServer?request=GetCapabilities&service=WMS,"expected string or bytes-like object"
2026-09-27T09:52:02.155823+02:00,KT_FR,https://geo.fr.ch/ags/services/OpenData/Surfaces_d_assolement/MapServer/WMSServer?request=GetCapabilities&service=WMS,"expected string or bytes-like object"
2026-09-27T09:52:05.172583+02:00,KT_FR,https://geo.fr.ch/ags/services/OpenData/Circonscriptions_des_gardes_faune/MapServer/WMSServer?request=GetCapabilities&service=WMS,"expected string or bytes-like object"
2026-09-27T09:52:08.199150+02:00,KT_FR,https://geo.fr.ch/ags/services/OpenData/Repartition_des_niveaux_de_tolerance/MapServer/WMSServer?request=GetCapabilities&service=WMS,"expected string or bytes-like object"
2026-09-27T09:52:11.075402+02:00,KT_FR,https://geo.fr.ch/ags/services/OpenData/Aquiferes_de_l_inventaire_des_eaux_souterraines/MapServer/WMSServer?request=GetCapabilities&service=WMS,"expected string or bytes-like object"
2026-09-27T09:52:14.087999+02:00,KT_FR,https://geo.fr.ch/ags/services/OpenData/Stations_d_epuration/MapServer/WMSServer?request=GetCapabilities&service=WMS,"expected string or bytes-like object"
2026-09-27T09:52:16.968339+02:00,KT_FR,https://geo.fr.ch/ags/services/OpenData/Unites_d_exploitation/MapServer/WMSServer?request=GetCapabilities&service=WMS,"expected string or bytes-like object"
2026-09-27T09:52:19.844903+02:00,KT_FR,https://geo.fr.ch/ags/services/OpenData/Affectations_primaires_RDPPF_affectation/MapServer/WMSServer?request=GetCapabilities&service=WMS,"expected string or bytes-like object"
2026-09-27T09:52:22.876476+02:00,KT_FR,https://geo.fr.ch/ags/services/OpenData/Immeubles_en_vigueur/MapServer/WMSServer?request=GetCapabilities&service=WMS,"expected string or bytes-like object"
2026-09-27T09:52:25.750551+02:00,KT_FR,https://geo.fr.ch/ags/services/OpenData_Raster/Orientation_des_pentes_2016/MapServer/WMSServer?request=GetCapabilities&service=WMS,"expected string or bytes-like object"
2026-09-27T09:52:28.908155+02:00,KT_FR,https://geo.fr.ch/ags/services/OpenData/Zones_reservees_des_routes_cantonales_RDPPF/MapServer/WMSServer?request=GetCapabilities&service=WMS,"expected string or bytes-like object"
2026-09-27T09:52:31.949657+02:00,KT_FR,https://geo.fr.ch/ags/services/OpenData/Ouvrages_type_canalisations_routes_cantonales/MapServer/WMSServer?request=GetCapabilities&service=WMS,"expected string or bytes-like object"
2026-09-27T09:52:35.148061+02:00,KT_FR,https://geo.fr.ch/ags/services/OpenData_Raster/Plans_d_ensemble_couleur_1930_1940/MapServer/WMSServer?request=GetCapabilities&service=WMS,"expected string or bytes-like object"
2026-09-27T09:52:38.019775+02:00,KT_FR,https://geo.fr.ch/ags/services/OpenData/Ruisseaux_utilises_par_les_societes_de_peche/MapServer/WMSServer?request=GetCapabilities&service=WMS,"expected string or bytes-like object"
2026-09-27T09:52:41.037056+02:00,KT_FR,https://geo.fr.ch/ags/services/OpenData_Raster/Toit_du_rocher___Isohypses__msm_/MapServer/WMSServer?request=GetCapabilities&service=WMS,"expected string or bytes-like object"
2026-09-27T09:52:43.918408+02:00,KT_FR,https://geo.fr.ch/ags/services/OpenData_Raster/Dufour__env_1860_/MapServer/WMSServer?request=GetCapabilities&service=WMS,"expected string or bytes-like object"
2026-09-27T09:52:46.939180+02:00,KT_FR,https://geo.fr.ch/ags/services/OpenData/Corridors_a_faune/MapServer/WMSServer?request=GetCapabilities&service=WMS,"expected string or bytes-like object"
2026-09-27T09:52:49.822471+02:00,KT_FR,https://geo.fr.ch/ags/services/OpenData/Typologie_des_paysages_fribourgeois/MapServer/WMSServer?request=GetCapabilities&service=WMS,"expected string or bytes-like object"
2026-09-27T09:52:52.695719+02:00,KT_FR,https://geo.fr.ch/ags/services/OpenData/Itineraire_d_agglomeration_planifie_plan_sectoriel_velo/MapServer/WMSServer?request=GetCapabilities&service=WMS,"expected string or bytes-like object"
2026-09-27T09:52:55.703054+02:00,KT_FR,https://geo.fr.ch/ags/services/OpenData_Raster/CN50/MapServer/WMSServer?request=GetCapabilities&service=WMS,"expected string or bytes-like object"
2026-09-27T09:52:58.726627+02:00,KT_FR,https://geo.fr.ch/ags/services/OpenData_Raster/Relief_de_surface_ombre_MNS_2016/MapServer/WMSServer?request=GetCapabilities&service=WMS,"expected string or bytes-like object"
2026-09-27T09:53:01.740157+02:00,KT_FR,https://geo.fr.ch/ags/services/OpenData/Irrigation/MapServer/WMSServer?request=GetCapabilities&service=WMS,"expected string or bytes-like object"
2026-09-27T09:53:04.777108+02:00,KT_FR,https://geo.fr.ch/ags/services/OpenData/Limites_des_zones_agricoles/MapServer/WMSServer?request=GetCapabilities&service=WMS,"expected string or bytes-like object"
2026-09-27T09:53:07.654742+02:00,KT_FR,https://geo.fr.ch/ags/services/OpenData/Produits_d_alpage/MapServer/WMSServer?request=GetCapabilities&service=WMS,"expected string or bytes-like object"
2026-09-27T09:53:10.818848+02:00,KT_FR,https://geo.fr.ch/ags/services/OpenData/Noms_de_rues_et_de_lieux_denommes/MapServer/WMSServer?request=GetCapabilities&service=WMS,"expected string or bytes-like object"
2026-09-27T09:53:13.845634+02:00,KT_FR,https://geo.fr.ch/ags/services/OpenData/Contrats_d_exploitation_en_vertu_de_la_loi_sur_la_protection_de_la_nature/MapServer/WMSServer?request=GetCapabilities&service=WMS,"expected string or bytes-like object"
2026-09-27T09:53:16.710780+02:00,KT_FR,https://geo.fr.ch/ags/services/OpenData/Reseaux_integres_dans_AquaFri/MapServer/WMSServer?request=GetCapabilities&service=WMS,"expected string or bytes-like object"
2026-09-27T09:53:19.592531+02:00,KT_FR,https://geo.fr.ch/ags/services/OpenData/Hydrants_AquaFri/MapServer/WMSServer?request=GetCapabilities&service=WMS,"expected string or bytes-like object"
2026-09-27T09:53:22.473067+02:00,KT_FR,https://geo.fr.ch/ags/services/OpenData/Sirenes_de_la_PCi/MapServer/WMSServer?request=GetCapabilities&service=WMS,"expected string or bytes-like object"
2026-09-27T09:53:25.501689+02:00,KT_FR,https://geo.fr.ch/ags/services/OpenData/Reserves_de_faune_pour_la_chasse/MapServer/WMSServer?request=GetCapabilities&service=WMS,"expected string or bytes-like object"
2026-09-27T09:53:28.515557+02:00,KT_FR,https://geo.fr.ch/ags/services/OpenData/Decoupage_du_MNT_swissALTI3D_pour_telechargement_par_tuile/MapServer/WMSServer?request=GetCapabilities&service=WMS,"expected string or bytes-like object"
2026-09-27T09:53:31.538610+02:00,KT_FR,https://geo.fr.ch/ags/services/OpenData/Carte_de_danger___Effondrements_de_falaise/MapServer/WMSServer?request=GetCapabilities&service=WMS,"expected string or bytes-like object"
2026-09-27T09:53:34.583227+02:00,KT_FR,https://geo.fr.ch/ags/services/OpenData/Plans_cadastraux_MCA_caducs__edition_RF_/MapServer/WMSServer?request=GetCapabilities&service=WMS,"expected string or bytes-like object"
2026-09-27T09:53:37.613809+02:00,KT_FR,https://geo.fr.ch/ags/services/OpenData/Cercles_scolaires_secondaires_germanophones/MapServer/WMSServer?request=GetCapabilities&service=WMS,"expected string or bytes-like object"
2026-09-27T09:53:40.631566+02:00,KT_FR,https://geo.fr.ch/ags/services/OpenData/Proportion_du_bati_expose_aux_dangers_naturels_par_commune/MapServer/WMSServer?request=GetCapabilities&service=WMS,"expected string or bytes-like object"
2026-09-27T09:53:43.792507+02:00,KT_FR,https://geo.fr.ch/ags/services/OpenData/Adresses_REGBL/MapServer/WMSServer?request=GetCapabilities&service=WMS,"expected string or bytes-like object"
2026-09-27T09:53:46.661699+02:00,KT_FR,https://geo.fr.ch/ags/services/OpenData/Carte_de_danger___Crues/MapServer/WMSServer?request=GetCapabilities&service=WMS,"expected string or bytes-like object"
2026-09-27T09:53:49.671922+02:00,KT_FR,https://geo.fr.ch/ags/services/OpenData_Raster/Image_aerienne_2005/MapServer/WMSServer?request=GetCapabilities&service=WMS,"expected string or bytes-like object"
2026-09-27T09:53:52.550653+02:00,KT_FR,https://geo.fr.ch/ags/services/OpenData/Servitudes_Points/MapServer/WMSServer?request=GetCapabilities&service=WMS,"expected string or bytes-like object"
2026-09-27T09:53:55.579135+02:00,KT_FR,https://geo.fr.ch/ags/services/OpenData/Districts_francs/MapServer/WMSServer?request=GetCapabilities&service=WMS,"expected string or bytes-like object"
2026-09-27T09:53:58.447744+02:00,KT_FR,https://geo.fr.ch/ags/services/OpenData/Reseau_d_itineraires_en_zones_de_tranquillite/MapServer/WMSServer?request=GetCapabilities&service=WMS,"expected string or bytes-like object"
2026-09-27T09:54:01.462841+02:00,KT_FR,https://geo.fr.ch/ags/services/OpenData/Donnees_FRIBO_sol_agricole/MapServer/WMSServer?request=GetCapabilities&service=WMS,"expected string or bytes-like object"
2026-09-27T09:54:04.501286+02:00,KT_FR,https://geo.fr.ch/ags/services/OpenData/Distances_par_rapport_a_la_foret/MapServer/WMSServer?request=GetCapabilities&service=WMS,"expected string or bytes-like object"
2026-09-27T09:54:07.396590+02:00,KT_FR,https://geo.fr.ch/ags/services/OpenData/Itineraires_SuisseMobile_VTT/MapServer/WMSServer?request=GetCapabilities&service=WMS,"expected string or bytes-like object"
2026-09-27T09:54:10.415429+02:00,KT_FR,https://geo.fr.ch/ags/services/OpenData/Qualite_des_immeubles_en_vigueur/MapServer/WMSServer?request=GetCapabilities&service=WMS,"expected string or bytes-like object"
2026-09-27T09:54:13.432100+02:00,KT_FR,https://geo.fr.ch/ags/services/OpenData_Raster/Pente_en_degres_2021/MapServer/WMSServer?request=GetCapabilities&service=WMS,"expected string or bytes-like object"
2026-09-27T09:54:16.458062+02:00,KT_FR,https://geo.fr.ch/ags/services/OpenData/Blocs_erratiques_d_importance_cantonale_Etude_de_base/MapServer/WMSServer?request=GetCapabilities&service=WMS,"expected string or bytes-like object"
2026-09-27T09:54:19.495479+02:00,KT_FR,https://geo.fr.ch/ags/services/OpenData/Cercles_scolaires_primaires_germanophones/MapServer/WMSServer?request=GetCapabilities&service=WMS,"expected string or bytes-like object"
2026-09-27T09:54:22.374345+02:00,KT_FR,https://geo.fr.ch/ags/services/OpenData/Axes_de_maintenance_SRB/MapServer/WMSServer?request=GetCapabilities&service=WMS,"expected string or bytes-like object"
2026-09-27T09:54:25.261712+02:00,KT_FR,https://geo.fr.ch/ags/services/OpenData/Lieux_de_detention_d_animaux/MapServer/WMSServer?request=GetCapabilities&service=WMS,"expected string or bytes-like object"
2026-09-27T09:54:28.434103+02:00,KT_FR,https://geo.fr.ch/ags/services/OpenData/Routes_surfaciques_OPAM/MapServer/WMSServer?request=GetCapabilities&service=WMS,"expected string or bytes-like object"
2026-09-27T09:54:31.336902+02:00,KT_FR,https://geo.fr.ch/ags/services/OpenData/Animation_socioculturelle_communale/MapServer/WMSServer?request=GetCapabilities&service=WMS,"expected string or bytes-like object"
2026-09-27T09:54:34.569803+02:00,KT_FR,https://geo.fr.ch/ags/services/OpenData/Aptitudes_climatiques/MapServer/WMSServer?request=GetCapabilities&service=WMS,"expected string or bytes-like object"
2026-09-27T09:54:37.603762+02:00,KT_FR,https://geo.fr.ch/ags/services/OpenData/Objets_divers_surfaciques/MapServer/WMSServer?request=GetCapabilities&service=WMS,"expected string or bytes-like object"
2026-09-27T09:54:40.505566+02:00,KT_FR,https://geo.fr.ch/ags/services/OpenData_Raster/CN10/MapServer/WMSServer?request=GetCapabilities&service=WMS,"expected string or bytes-like object"
2026-09-27T09:54:43.387733+02:00,KT_FR,https://geo.fr.ch/ags/services/OpenData/Infrastructures_d_accueil_en_foret_lignes/MapServer/WMSServer?request=GetCapabilities&service=WMS,"expected string or bytes-like object"
2026-09-27T09:54:46.256640+02:00,KT_FR,https://geo.fr.ch/ags/services/OpenData/Conduites_AquaFri/MapServer/WMSServer?request=GetCapabilities&service=WMS,"expected string or bytes-like object"
2026-09-27T09:54:49.289138+02:00,KT_FR,https://geo.fr.ch/ags/services/OpenData/Numeros_des_batiments_et_noms_Labels_CS/MapServer/WMSServer?request=GetCapabilities&service=WMS,"expected string or bytes-like object"
2026-09-27T09:54:52.311810+02:00,KT_FR,https://geo.fr.ch/ags/services/OpenData/Surface_chaussee_routes_cantonales/MapServer/WMSServer?request=GetCapabilities&service=WMS,"expected string or bytes-like object"
2026-09-27T09:54:55.334380+02:00,KT_FR,https://geo.fr.ch/ags/services/OpenData/Itineraires_SuisseMobile_roller/MapServer/WMSServer?request=GetCapabilities&service=WMS,"expected string or bytes-like object"
2026-09-27T09:54:58.360813+02:00,KT_FR,https://geo.fr.ch/ags/services/OpenData/Hierarchie_du_reseau_cyclable_plan_sectoriel_velo/MapServer/WMSServer?request=GetCapabilities&service=WMS,"expected string or bytes-like object"
2026-09-27T09:55:01.245315+02:00,KT_FR,https://geo.fr.ch/ags/services/OpenData/Objets_divers_lineaires/MapServer/WMSServer?request=GetCapabilities&service=WMS,"expected string or bytes-like object"
2026-09-27T09:55:04.117806+02:00,KT_FR,https://geo.fr.ch/ags/services/OpenData/Distances_par_rapport_a_la_foret_RDPPF/MapServer/WMSServer?request=GetCapabilities&service=WMS,"expected string or bytes-like object"
2026-09-27T09:55:07.162750+02:00,KT_FR,https://geo.fr.ch/ags/services/OpenData/Adresses_MO_RegBL_RegBAFR/MapServer/WMSServer?request=GetCapabilities&service=WMS,"expected string or bytes-like object"
2026-09-27T09:55:10.343773+02:00,KT_FR,https://geo.fr.ch/ags/services/OpenData/Zones_de_recrutement_des_etablissements_secondaires_francophones/MapServer/WMSServer?request=GetCapabilities&service=WMS,"expected string or bytes-like object"
2026-09-27T09:55:13.532715+02:00,KT_FR,https://geo.fr.ch/ags/services/OpenData/Zones_de_recrutement_des_etablissements_primaires_germanophones/MapServer/WMSServer?request=GetCapabilities&service=WMS,"expected string or bytes-like object"
2026-09-27T09:55:16.558578+02:00,KT_FR,https://geo.fr.ch/ags/services/OpenData/Biens_culturels_immeubles_proteges_RBCI_SBC/MapServer/WMSServer?request=GetCapabilities&service=WMS,"expected string or bytes-like object"
2026-09-27T09:55:19.436314+02:00,KT_FR,https://geo.fr.ch/ags/services/OpenData/Contenus_lineaires_RDPPF_affectation/MapServer/WMSServer?request=GetCapabilities&service=WMS,"expected string or bytes-like object"
2026-09-27T09:55:22.312065+02:00,KT_FR,https://geo.fr.ch/ags/services/OpenData/Surfaces_a_aptitude_reduite_pour_la_culture_des_champs/MapServer/WMSServer?request=GetCapabilities&service=WMS,"expected string or bytes-like object"
2026-09-27T09:55:25.486140+02:00,KT_FR,https://geo.fr.ch/ags/services/OpenData/Triages_forestiers/MapServer/WMSServer?request=GetCapabilities&service=WMS,"expected string or bytes-like object"
2026-09-27T09:55:28.526156+02:00,KT_FR,https://geo.fr.ch/ags/services/OpenData/Limitations_de_vitesse_routes_cantonales/MapServer/WMSServer?request=GetCapabilities&service=WMS,"expected string or bytes-like object"
2026-09-27T09:55:31.543563+02:00,KT_FR,https://geo.fr.ch/ags/services/OpenData/Zones_de_contribution_federale_MO/MapServer/WMSServer?request=GetCapabilities&service=WMS,"expected string or bytes-like object"
2026-09-27T09:55:34.410726+02:00,KT_FR,https://geo.fr.ch/ags/services/OpenData/Cadastre_des_evenements__StorMe_/MapServer/WMSServer?request=GetCapabilities&service=WMS,"expected string or bytes-like object"
2026-09-27T09:55:37.301332+02:00,KT_FR,https://geo.fr.ch/ags/services/OpenData_Raster/Relief_de_terrain_ombre_MNT_2002/MapServer/WMSServer?request=GetCapabilities&service=WMS,"expected string or bytes-like object"
2026-09-27T09:55:40.331781+02:00,KT_FR,https://geo.fr.ch/ags/services/OpenData_Raster/MNS_swissSURFACE3D_Raster/MapServer/WMSServer?request=GetCapabilities&service=WMS,"expected string or bytes-like object"
2026-09-27T09:55:43.200215+02:00,KT_FR,https://geo.fr.ch/ags/services/OpenData/Points_de_limite_territoriale/MapServer/WMSServer?request=GetCapabilities&service=WMS,"expected string or bytes-like object"
2026-09-27T09:55:46.219231+02:00,KT_FR,https://geo.fr.ch/ags/services/OpenData/Pistes_cyclables_routes_cantonales/MapServer/WMSServer?request=GetCapabilities&service=WMS,"expected string or bytes-like object"
2026-09-27T09:55:49.240735+02:00,KT_FR,https://geo.fr.ch/ags/services/OpenData/Ressources___sources_et_puits___de_l_inventaire_des_eaux_souterraines/MapServer/WMSServer?request=GetCapabilities&service=WMS,"expected string or bytes-like object"
2026-09-27T09:55:52.131672+02:00,KT_FR,https://geo.fr.ch/ags/services/OpenData_Raster/Atlas_geologique_25000_AG25/MapServer/WMSServer?request=GetCapabilities&service=WMS,"expected string or bytes-like object"
2026-09-27T09:55:55.032853+02:00,KT_FR,https://geo.fr.ch/ags/services/OpenData/Biens_culturels_immeubles_recenses_RBCI_SBC/MapServer/WMSServer?request=GetCapabilities&service=WMS,"expected string or bytes-like object"
2026-09-27T09:55:57.901585+02:00,KT_FR,https://geo.fr.ch/ags/services/OpenData_Raster/Pente_et_orientation_combinees_2016/MapServer/WMSServer?request=GetCapabilities&service=WMS,"expected string or bytes-like object"
2026-09-27T09:56:01.071638+02:00,KT_FR,https://geo.fr.ch/ags/services/OpenData/Inventaire_cantonal_des_sources_naturelles/MapServer/WMSServer?request=GetCapabilities&service=WMS,"expected string or bytes-like object"
2026-09-27T09:56:04.103551+02:00,KT_FR,https://geo.fr.ch/ags/services/OpenData_Raster/Modele_numerique_de_hauteur_MNH_2021/MapServer/WMSServer?request=GetCapabilities&service=WMS,"expected string or bytes-like object"
2026-09-27T09:56:06.982041+02:00,KT_FR,https://geo.fr.ch/ags/services/OpenData/Couverture_des_places_protegees_dans_le_canton/MapServer/WMSServer?request=GetCapabilities&service=WMS,"expected string or bytes-like object"
2026-09-27T09:56:10.167295+02:00,KT_FR,https://geo.fr.ch/ags/services/OpenData/Sites_de_reproduction_de_batraciens_d_importance_locale/MapServer/WMSServer?request=GetCapabilities&service=WMS,"expected string or bytes-like object"
2026-09-27T09:56:13.177647+02:00,KT_FR,https://geo.fr.ch/ags/services/OpenData/Qualite_microbiologique_des_eaux_des_plages_officielles/MapServer/WMSServer?request=GetCapabilities&service=WMS,"expected string or bytes-like object"
2026-09-27T09:56:16.198256+02:00,KT_FR,https://geo.fr.ch/ags/services/OpenData/Lots_de_mise_a_jour_periodique/MapServer/WMSServer?request=GetCapabilities&service=WMS,"expected string or bytes-like object"
2026-09-27T09:56:19.211934+02:00,KT_FR,https://geo.fr.ch/ags/services/OpenData/Secteurs_de_faune/MapServer/WMSServer?request=GetCapabilities&service=WMS,"expected string or bytes-like object"
2026-09-27T09:56:22.081292+02:00,KT_FR,https://geo.fr.ch/ags/services/OpenData/Modification_RCU_ou_revision_PAL_d_un_secteur_amenagement_local/MapServer/WMSServer?request=GetCapabilities&service=WMS,"expected string or bytes-like object"
2026-09-27T09:56:24.966513+02:00,KT_FR,https://geo.fr.ch/ags/services/OpenData/Hauts_marais_d_importance_nationale/MapServer/WMSServer?request=GetCapabilities&service=WMS,"expected string or bytes-like object"
2026-09-27T09:56:27.996139+02:00,KT_FR,https://geo.fr.ch/ags/services/OpenData/Batiments_MO_RegBL_RegBAFR/MapServer/WMSServer?request=GetCapabilities&service=WMS,"expected string or bytes-like object"
2026-09-27T09:56:30.868602+02:00,KT_FR,https://geo.fr.ch/ags/services/OpenData/Numeros_de_maisons/MapServer/WMSServer?request=GetCapabilities&service=WMS,"expected string or bytes-like object"
2026-09-27T09:56:33.888005+02:00,KT_FR,https://geo.fr.ch/ags/services/OpenData/Reservoirs_AquaFri/MapServer/WMSServer?request=GetCapabilities&service=WMS,"expected string or bytes-like object"
2026-09-27T09:56:36.917712+02:00,KT_FR,https://geo.fr.ch/ags/services/OpenData/Points_fixes/MapServer/WMSServer?request=GetCapabilities&service=WMS,"expected string or bytes-like object"
2026-09-27T09:56:39.824548+02:00,KT_FR,https://geo.fr.ch/ags/services/OpenData/Ouvrages_de_protection_ponctuels_contre_les_instabilites_de_terrain_et_avalanches/MapServer/WMSServer?request=GetCapabilities&service=WMS,"expected string or bytes-like object"
2026-09-27T09:56:42.695134+02:00,KT_FR,https://geo.fr.ch/ags/services/OpenData/Surface_agricole_utile__SAU__et_surface_d_estivage/MapServer/WMSServer?request=GetCapabilities&service=WMS,"expected string or bytes-like object"
2026-09-27T09:56:45.719449+02:00,KT_FR,https://geo.fr.ch/ags/services/OpenData/Servitudes_Surfaces/MapServer/WMSServer?request=GetCapabilities&service=WMS,"expected string or bytes-like object"
2026-09-27T09:56:48.915809+02:00,KT_FR,https://geo.fr.ch/ags/services/OpenData/Chemins_de_randonnee_pedestre/MapServer/WMSServer?request=GetCapabilities&service=WMS,"expected string or bytes-like object"
2026-09-27T09:56:51.928800+02:00,KT_FR,https://geo.fr.ch/ags/services/OpenData/Lignes_de_transport_public/MapServer/WMSServer?request=GetCapabilities&service=WMS,"expected string or bytes-like object"
2026-09-27T09:56:54.939100+02:00,KT_FR,https://geo.fr.ch/ags/services/OpenData_Raster/Pente_en_pourcentage_2016/MapServer/WMSServer?request=GetCapabilities&service=WMS,"expected string or bytes-like object"
2026-09-27T09:56:57.958399+02:00,KT_FR,https://geo.fr.ch/ags/services/OpenData/Prairies_et_paturages_secs__PPS__d_importance_cantonale/MapServer/WMSServer?request=GetCapabilities&service=WMS,"expected string or bytes-like object"
2026-09-27T09:57:00.846982+02:00,KT_FR,https://geo.fr.ch/ags/services/OpenData/Canton/MapServer/WMSServer?request=GetCapabilities&service=WMS,"expected string or bytes-like object"
2026-09-27T09:57:03.730274+02:00,KT_FR,https://geo.fr.ch/ags/services/OpenData/Routes_Cantonales_OSR/MapServer/WMSServer?request=GetCapabilities&service=WMS,"expected string or bytes-like object"
2026-09-27T09:57:06.611632+02:00,KT_FR,https://geo.fr.ch/ags/services/OpenData/Syndicats_de_chemins_alpestres/MapServer/WMSServer?request=GetCapabilities&service=WMS,"expected string or bytes-like object"
2026-09-27T09:57:09.621720+02:00,KT_FR,https://geo.fr.ch/ags/services/OpenData/Etudes_geologiques_geotechniques/MapServer/WMSServer?request=GetCapabilities&service=WMS,"expected string or bytes-like object"
2026-09-27T09:57:12.533166+02:00,KT_FR,https://geo.fr.ch/ags/services/OpenData/Repartitions_des_plans/MapServer/WMSServer?request=GetCapabilities&service=WMS,"expected string or bytes-like object"
2026-09-27T09:57:15.688161+02:00,KT_FR,https://geo.fr.ch/ags/services/OpenData/Assainissement_de_terrain_drainage/MapServer/WMSServer?request=GetCapabilities&service=WMS,"expected string or bytes-like object"
2026-09-27T09:57:18.582733+02:00,KT_FR,https://geo.fr.ch/ags/services/OpenData/Installations_stationnaires_OPAM/MapServer/WMSServer?request=GetCapabilities&service=WMS,"expected string or bytes-like object"
2026-09-27T09:57:21.597270+02:00,KT_FR,https://geo.fr.ch/ags/services/OpenData/Pression_statique_des_hydrants_AquaFri/MapServer/WMSServer?request=GetCapabilities&service=WMS,"expected string or bytes-like object"
2026-09-27T09:57:24.463726+02:00,KT_FR,https://geo.fr.ch/ags/services/OpenData/Organismes_nuisibles_reglementes/MapServer/WMSServer?request=GetCapabilities&service=WMS,"expected string or bytes-like object"
2026-09-27T09:57:27.511120+02:00,KT_FR,https://geo.fr.ch/ags/services/OpenData_Raster/Nomenclature_1935/MapServer/WMSServer?request=GetCapabilities&service=WMS,"expected string or bytes-like object"
2026-09-27T09:57:30.673471+02:00,KT_FR,https://geo.fr.ch/ags/services/OpenData/Plans_RF_MFN_caducs/MapServer/WMSServer?request=GetCapabilities&service=WMS,"expected string or bytes-like object"
2026-09-27T09:57:33.542230+02:00,KT_FR,https://geo.fr.ch/ags/services/OpenData/Zones_et_reserves_de_peche_cours_d_eau/MapServer/WMSServer?request=GetCapabilities&service=WMS,"expected string or bytes-like object"
2026-09-27T09:57:36.571360+02:00,KT_FR,https://geo.fr.ch/ags/services/OpenData_Raster/CN10_NB/MapServer/WMSServer?request=GetCapabilities&service=WMS,"expected string or bytes-like object"
2026-09-27T09:57:39.446256+02:00,KT_FR,https://geo.fr.ch/ags/services/OpenData/Muehleberg_Zone_de_danger_de_la_centrale/MapServer/WMSServer?request=GetCapabilities&service=WMS,"expected string or bytes-like object"
2026-09-27T09:57:42.491568+02:00,KT_FR,https://geo.fr.ch/ags/services/OpenData/Servitudes_Labels/MapServer/WMSServer?request=GetCapabilities&service=WMS,"expected string or bytes-like object"
2026-09-27T09:57:45.374829+02:00,KT_FR,https://geo.fr.ch/ags/services/OpenData_Raster/Courbes_de_niveau_2016/MapServer/WMSServer?request=GetCapabilities&service=WMS,"expected string or bytes-like object"
2026-09-27T09:57:48.240736+02:00,KT_FR,https://geo.fr.ch/ags/services/OpenData/Oiseaux_nicheurs_en_milieu_bati/MapServer/WMSServer?request=GetCapabilities&service=WMS,"expected string or bytes-like object"
2026-09-27T09:57:51.104875+02:00,KT_FR,https://geo.fr.ch/ags/services/OpenData_Raster/CN100_NB/MapServer/WMSServer?request=GetCapabilities&service=WMS,"expected string or bytes-like object"
2026-09-27T09:57:54.119391+02:00,KT_FR,https://geo.fr.ch/ags/services/OpenData/Carte_des_sols_de_fondation/MapServer/WMSServer?request=GetCapabilities&service=WMS,"expected string or bytes-like object"
2026-09-27T09:57:57.294341+02:00,KT_FR,https://geo.fr.ch/ags/services/OpenData_Raster/Plan_d_ensemble_1_5000_2010/MapServer/WMSServer?request=GetCapabilities&service=WMS,"expected string or bytes-like object"
2026-09-27T09:58:00.173527+02:00,KT_FR,https://geo.fr.ch/ags/services/OpenData/AOP_Poire_a_botzi/MapServer/WMSServer?request=GetCapabilities&service=WMS,"expected string or bytes-like object"
2026-09-27T09:58:03.342391+02:00,KT_FR,https://geo.fr.ch/ags/services/OpenData/Geotopes_d_importance_cantonale_GIC_Etude_de_base/MapServer/WMSServer?request=GetCapabilities&service=WMS,"expected string or bytes-like object"
2026-09-27T09:58:06.210140+02:00,KT_FR,https://geo.fr.ch/ags/services/OpenData/Accroissement_annuel_de_trafic_2015_2020/MapServer/WMSServer?request=GetCapabilities&service=WMS,"expected string or bytes-like object"
2026-09-27T09:58:09.080418+02:00,KT_FR,https://geo.fr.ch/ags/services/OpenData/Type_d_objet_ISOS___Ligne/MapServer/WMSServer?request=GetCapabilities&service=WMS,"expected string or bytes-like object"
2026-09-27T09:58:12.258355+02:00,KT_FR,https://geo.fr.ch/ags/services/OpenData/Bandes_cyclables_routes_cantonales/MapServer/WMSServer?request=GetCapabilities&service=WMS,"expected string or bytes-like object"
2026-09-27T09:58:15.284080+02:00,KT_FR,https://geo.fr.ch/ags/services/OpenData/Zones_alluviales_d_importance_nationale/MapServer/WMSServer?request=GetCapabilities&service=WMS,"expected string or bytes-like object"
2026-09-27T09:58:18.150606+02:00,KT_FR,https://geo.fr.ch/ags/services/OpenData/Perimetres_d_etude_detaillee___Instabilites_et_avalanches/MapServer/WMSServer?request=GetCapabilities&service=WMS,"expected string or bytes-like object"
2026-09-27T09:58:21.027583+02:00,KT_FR,https://geo.fr.ch/ags/services/OpenData/Talus_a_valeur_ecologique_routes_cantonales/MapServer/WMSServer?request=GetCapabilities&service=WMS,"expected string or bytes-like object"
2026-09-27T09:58:23.895802+02:00,KT_FR,https://geo.fr.ch/ags/services/OpenData/Secteur_de_dangers_naturels_RDPPF_affectation/MapServer/WMSServer?request=GetCapabilities&service=WMS,"expected string or bytes-like object"
2026-09-27T09:58:26.919542+02:00,KT_FR,https://geo.fr.ch/ags/services/OpenData/Postes_de_comptage_de_trafic/MapServer/WMSServer?request=GetCapabilities&service=WMS,"expected string or bytes-like object"
2026-09-27T09:58:29.961935+02:00,KT_FR,https://geo.fr.ch/ags/services/OpenData/Ouvrages_fonction_canalisations_routes_cantonales/MapServer/WMSServer?request=GetCapabilities&service=WMS,"expected string or bytes-like object"
2026-09-27T09:58:32.980154+02:00,KT_FR,https://geo.fr.ch/ags/services/OpenData/Installations_de_traitement_AquaFri/MapServer/WMSServer?request=GetCapabilities&service=WMS,"expected string or bytes-like object"
2026-09-27T09:58:36.012005+02:00,KT_FR,https://geo.fr.ch/ags/services/OpenData/Arrondissements_d_inspectorat_ecoles/MapServer/WMSServer?request=GetCapabilities&service=WMS,"expected string or bytes-like object"
2026-09-27T09:58:39.084525+02:00,KT_FR,https://geo.fr.ch/ags/services/OpenData/Inventaire_PBC/MapServer/WMSServer?request=GetCapabilities&service=WMS,"expected string or bytes-like object"
2026-09-27T09:58:42.335297+02:00,KT_FR,https://geo.fr.ch/ags/services/OpenData_Raster/Orthophoto_technique_LIDAR_2016/MapServer/WMSServer?request=GetCapabilities&service=WMS,"expected string or bytes-like object"
2026-09-27T09:58:45.380639+02:00,KT_FR,https://geo.fr.ch/ags/services/OpenData/Zones_interdites_au_kitesurfing/MapServer/WMSServer?request=GetCapabilities&service=WMS,"expected string or bytes-like object"
2026-09-27T09:58:48.280481+02:00,KT_FR,https://geo.fr.ch/ags/services/OpenData/Plans_RF_MFA_caducs/MapServer/WMSServer?request=GetCapabilities&service=WMS,"expected string or bytes-like object"
2026-09-27T09:58:51.294438+02:00,KT_FR,https://geo.fr.ch/ags/services/OpenData/Planification_cantonale_parcs_relais/MapServer/WMSServer?request=GetCapabilities&service=WMS,"expected string or bytes-like object"
2026-09-27T09:58:54.488206+02:00,KT_FR,https://geo.fr.ch/ags/services/OpenData/Unites_pastorales_catholiques/MapServer/WMSServer?request=GetCapabilities&service=WMS,"expected string or bytes-like object"
2026-09-27T09:58:57.381412+02:00,KT_FR,https://geo.fr.ch/ags/services/OpenData_Raster/Habitat_potentiel_du_chamois/MapServer/WMSServer?request=GetCapabilities&service=WMS,"expected string or bytes-like object"
2026-09-27T09:59:00.412788+02:00,KT_FR,https://geo.fr.ch/ags/services/OpenData/Chalets_d_alpage_recenses/MapServer/WMSServer?request=GetCapabilities&service=WMS,"expected string or bytes-like object"
2026-09-27T09:59:03.285234+02:00,KT_FR,https://geo.fr.ch/ags/services/OpenData_Raster/Stryienski_1_25000__env_1850_/MapServer/WMSServer?request=GetCapabilities&service=WMS,"expected string or bytes-like object"
2026-09-27T09:59:06.296026+02:00,KT_FR,https://geo.fr.ch/ags/services/OpenData/Entreprises_planifiees/MapServer/WMSServer?request=GetCapabilities&service=WMS,"expected string or bytes-like object"
2026-09-27T09:59:09.319529+02:00,KT_FR,https://geo.fr.ch/ags/services/OpenData/Muehleberg_Zones_de_distribution_de_comprimes_d_iode/MapServer/WMSServer?request=GetCapabilities&service=WMS,"expected string or bytes-like object"
2026-09-27T09:59:12.337169+02:00,KT_FR,https://geo.fr.ch/ags/services/OpenData/Terrains_en_pente/MapServer/WMSServer?request=GetCapabilities&service=WMS,"expected string or bytes-like object"
2026-09-27T09:59:15.343652+02:00,KT_FR,https://geo.fr.ch/ags/services/OpenData/Disponibilite_cadastre_RDPPF_par_commune/MapServer/WMSServer?request=GetCapabilities&service=WMS,"expected string or bytes-like object"
2026-09-27T09:59:18.352549+02:00,KT_FR,https://geo.fr.ch/ags/services/OpenData/Perimetres_d_epuration/MapServer/WMSServer?request=GetCapabilities&service=WMS,"expected string or bytes-like object"
2026-09-27T09:59:21.222517+02:00,KT_FR,https://geo.fr.ch/ags/services/OpenData/Bas_marais_d_importance_locale/MapServer/WMSServer?request=GetCapabilities&service=WMS,"expected string or bytes-like object"
2026-09-27T09:59:24.251895+02:00,KT_FR,https://geo.fr.ch/ags/services/OpenData_Raster/Relief_de_surface_ombre_MNS_swissSURFACE3D_Raster_2018_2019/MapServer/WMSServer?request=GetCapabilities&service=WMS,"expected string or bytes-like object"
2026-09-27T09:59:27.133312+02:00,KT_FR,https://geo.fr.ch/ags/services/OpenData/Captages_AquaFri/MapServer/WMSServer?request=GetCapabilities&service=WMS,"expected string or bytes-like object"
2026-09-27T09:59:30.001479+02:00,KT_FR,https://geo.fr.ch/ags/services/OpenData_Raster/Pente_en_pourcentage_2021/MapServer/WMSServer?request=GetCapabilities&service=WMS,"expected string or bytes-like object"
2026-09-27T09:59:33.018809+02:00,KT_FR,https://geo.fr.ch/ags/services/OpenData/Statuts_des_donnees_descriptives/MapServer/WMSServer?request=GetCapabilities&service=WMS,"expected string or bytes-like object"
2026-09-27T09:59:36.037800+02:00,KT_FR,https://geo.fr.ch/ags/services/OpenData/Decoupage_du_MNS_swissSURFACE3D_Raster_pour_telechargement_par_tuile/MapServer/WMSServer?request=GetCapabilities&service=WMS,"expected string or bytes-like object"
2026-09-27T09:59:38.919866+02:00,KT_FR,https://geo.fr.ch/ags/services/OpenData_Raster/Habitat_potentiel_du_chevreuil/MapServer/WMSServer?request=GetCapabilities&service=WMS,"expected string or bytes-like object"
2026-09-27T09:59:41.964263+02:00,KT_FR,https://geo.fr.ch/ags/services/OpenData/Reserves_naturelles_cantonales/MapServer/WMSServer?request=GetCapabilities&service=WMS,"expected string or bytes-like object"
2026-09-27T09:59:44.969998+02:00,KT_FR,https://geo.fr.ch/ags/services/OpenData/Salamandre_tachetee/MapServer/WMSServer?request=GetCapabilities&service=WMS,"expected string or bytes-like object"
2026-09-27T09:59:48.016213+02:00,KT_FR,https://geo.fr.ch/ags/services/OpenData/Vigne_en_production_AOC/MapServer/WMSServer?request=GetCapabilities&service=WMS,"expected string or bytes-like object"
2026-09-27T09:59:51.024974+02:00,KT_FR,https://geo.fr.ch/ags/services/OpenData/Plans_RF_MFNG_caducs/MapServer/WMSServer?request=GetCapabilities&service=WMS,"expected string or bytes-like object"
2026-09-27T09:59:53.896475+02:00,KT_FR,https://geo.fr.ch/ags/services/OpenData_Raster/Plan_d_ensemble_1_10000_1990/MapServer/WMSServer?request=GetCapabilities&service=WMS,"expected string or bytes-like object"
2026-09-27T09:59:56.765658+02:00,KT_FR,https://geo.fr.ch/ags/services/OpenData/Stations_de_fecondation_des_abeilles/MapServer/WMSServer?request=GetCapabilities&service=WMS,"expected string or bytes-like object"
2026-09-27T09:59:59.773577+02:00,KT_FR,https://geo.fr.ch/ags/services/OpenData/Colonies_de_bouquetins/MapServer/WMSServer?request=GetCapabilities&service=WMS,"expected string or bytes-like object"
2026-09-27T10:00:02.804525+02:00,KT_FR,https://geo.fr.ch/ags/services/OpenData/Exploitations_de_materiaux_et_decharges/MapServer/WMSServer?request=GetCapabilities&service=WMS,"expected string or bytes-like object"
2026-09-27T10:00:05.822980+02:00,KT_FR,https://geo.fr.ch/ags/services/OpenData/Reserves_forestieres/MapServer/WMSServer?request=GetCapabilities&service=WMS,"expected string or bytes-like object"
2026-09-27T10:00:08.856668+02:00,KT_FR,https://geo.fr.ch/ags/services/OpenData/Arrondissements_forestiers/MapServer/WMSServer?request=GetCapabilities&service=WMS,"expected string or bytes-like object"
2026-09-27T10:00:11.748475+02:00,KT_FR,https://geo.fr.ch/ags/services/OpenData_Raster/Stryienski_1_100000__env_1850_/MapServer/WMSServer?request=GetCapabilities&service=WMS,"expected string or bytes-like object"
2026-09-27T10:00:14.920623+02:00,KT_FR,https://geo.fr.ch/ags/services/OpenData/Perimetres_archeologiques/MapServer/WMSServer?request=GetCapabilities&service=WMS,"expected string or bytes-like object"
2026-09-27T10:00:17.802127+02:00,KT_FR,https://geo.fr.ch/ags/services/OpenData/Projets_VALTRALOC/MapServer/WMSServer?request=GetCapabilities&service=WMS,"expected string or bytes-like object"
2026-09-27T10:00:20.959185+02:00,KT_FR,https://geo.fr.ch/ags/services/OpenData/Carte_de_protection_des_eaux/MapServer/WMSServer?request=GetCapabilities&service=WMS,"expected string or bytes-like object"
2026-09-27T10:00:23.826492+02:00,KT_FR,https://geo.fr.ch/ags/services/OpenData_Raster/Image_aerienne_2009/MapServer/WMSServer?request=GetCapabilities&service=WMS,"expected string or bytes-like object"
2026-09-27T10:00:26.702550+02:00,KT_FR,https://geo.fr.ch/ags/services/OpenData/Zones_de_desserte_de_l_approvisionnement_en_electricite/MapServer/WMSServer?request=GetCapabilities&service=WMS,"expected string or bytes-like object"
2026-09-27T10:00:29.726731+02:00,KT_FR,https://geo.fr.ch/ags/services/OpenData/Ouvrages_d_art_routes_cantonales/MapServer/WMSServer?request=GetCapabilities&service=WMS,"expected string or bytes-like object"
2026-09-27T10:00:32.606719+02:00,KT_FR,https://geo.fr.ch/ags/services/OpenData/Organes_communaux_de_conduite_ORCOC/MapServer/WMSServer?request=GetCapabilities&service=WMS,"expected string or bytes-like object"
2026-09-27T10:00:35.483604+02:00,KT_FR,https://geo.fr.ch/ags/services/OpenData/Reseaux_ecologiques/MapServer/WMSServer?request=GetCapabilities&service=WMS,"expected string or bytes-like object"
2026-09-27T10:00:38.491573+02:00,KT_FR,https://geo.fr.ch/ags/services/OpenData/Statuts_des_immeubles_en_vigueur/MapServer/WMSServer?request=GetCapabilities&service=WMS,"expected string or bytes-like object"
2026-09-27T10:00:41.506307+02:00,KT_FR,https://geo.fr.ch/ags/services/OpenData_Raster/Minutes_originales_MFA/MapServer/WMSServer?request=GetCapabilities&service=WMS,"expected string or bytes-like object"
2026-09-27T10:00:44.378978+02:00,KT_FR,https://geo.fr.ch/ags/services/OpenData/Communes_partenaires_d_easyvote/MapServer/WMSServer?request=GetCapabilities&service=WMS,"expected string or bytes-like object"
2026-09-27T10:00:47.402881+02:00,KT_FR,https://geo.fr.ch/ags/services/OpenData_Raster/Image_aerienne_1998/MapServer/WMSServer?request=GetCapabilities&service=WMS,"expected string or bytes-like object"
2026-09-27T10:00:50.595372+02:00,KT_FR,https://geo.fr.ch/ags/services/OpenData/Objets_divers_ponctuels/MapServer/WMSServer?request=GetCapabilities&service=WMS,"expected string or bytes-like object"
2026-09-27T10:00:53.611001+02:00,KT_FR,https://geo.fr.ch/ags/services/OpenData/Hors_reseau_AquaFri/MapServer/WMSServer?request=GetCapabilities&service=WMS,"expected string or bytes-like object"
2026-09-27T10:00:56.620649+02:00,KT_FR,https://geo.fr.ch/ags/services/OpenData/Belastete_Standorte_Ablagerungsstandorte/MapServer/WMSServer?request=GetCapabilities&service=WMS,"expected string or bytes-like object"
2026-09-27T10:00:59.494954+02:00,KT_FR,https://geo.fr.ch/ags/services/OpenData_Raster/CN500_NB/MapServer/WMSServer?request=GetCapabilities&service=WMS,"expected string or bytes-like object"
2026-09-27T10:01:02.375635+02:00,KT_FR,https://geo.fr.ch/ags/services/OpenData/Zones_de_protection_des_eaux_souterraines_RDPPF/MapServer/WMSServer?request=GetCapabilities&service=WMS,"expected string or bytes-like object"
2026-09-27T10:01:05.253660+02:00,KT_FR,https://geo.fr.ch/ags/services/OpenData_Raster/CN1000_NB/MapServer/WMSServer?request=GetCapabilities&service=WMS,"expected string or bytes-like object"
2026-09-27T10:01:08.290180+02:00,KT_FR,https://geo.fr.ch/ags/services/OpenData/Itineraires_convois_exceptionnels/MapServer/WMSServer?request=GetCapabilities&service=WMS,"expected string or bytes-like object"
2026-09-27T10:01:11.158892+02:00,KT_FR,https://geo.fr.ch/ags/services/OpenData/EGID_REGBL/MapServer/WMSServer?request=GetCapabilities&service=WMS,"expected string or bytes-like object"
2026-09-27T10:01:14.402744+02:00,KT_FR,https://geo.fr.ch/ags/services/OpenData/Drones_restrictions_federales/MapServer/WMSServer?request=GetCapabilities&service=WMS,"expected string or bytes-like object"
2026-09-27T10:01:17.286497+02:00,KT_FR,https://geo.fr.ch/ags/services/OpenData/Qualite_des_donnees_descriptives/MapServer/WMSServer?request=GetCapabilities&service=WMS,"expected string or bytes-like object"
2026-09-27T10:01:20.269158+02:00,KT_FR,https://geo.fr.ch/ags/services/OpenData/Animation_socioculturelle_regionale/MapServer/WMSServer?request=GetCapabilities&service=WMS,"expected string or bytes-like object"
2026-09-27T10:01:23.425833+02:00,KT_FR,https://geo.fr.ch/ags/services/OpenData/Stations_forestieres/MapServer/WMSServer?request=GetCapabilities&service=WMS,"expected string or bytes-like object"
2026-09-27T10:01:26.436232+02:00,KT_FR,https://geo.fr.ch/ags/services/OpenData/Limites_forestieres_statiques_RDPPF/MapServer/WMSServer?request=GetCapabilities&service=WMS,"expected string or bytes-like object"
2026-09-27T10:01:29.306850+02:00,KT_FR,https://geo.fr.ch/ags/services/OpenData_Raster/Densite_de_points_globale_LIDAR_2016/MapServer/WMSServer?request=GetCapabilities&service=WMS,"expected string or bytes-like object"
2026-09-27T10:01:32.328537+02:00,KT_FR,https://geo.fr.ch/ags/services/OpenData_Raster/Direction_d_ecoulement_1_3000/MapServer/WMSServer?request=GetCapabilities&service=WMS,"expected string or bytes-like object"
2026-09-27T10:01:35.216745+02:00,KT_FR,https://geo.fr.ch/ags/services/OpenData/Amenagements_ponctuels_plan_sectoriel_velo/MapServer/WMSServer?request=GetCapabilities&service=WMS,"expected string or bytes-like object"
2026-09-27T10:01:38.239203+02:00,KT_FR,https://geo.fr.ch/ags/services/OpenData/Etat_du_registre_foncier/MapServer/WMSServer?request=GetCapabilities&service=WMS,"expected string or bytes-like object"
2026-09-27T10:01:41.253657+02:00,KT_FR,https://geo.fr.ch/ags/services/OpenData/Ouvrages_de_protection_surfaciques_contre_les_instabilites_de_terrain_et_avalanches/MapServer/WMSServer?request=GetCapabilities&service=WMS,"expected string or bytes-like object"
2026-09-27T10:01:44.263584+02:00,KT_FR,https://geo.fr.ch/ags/services/OpenData_Raster/Image_aerienne_2010/MapServer/WMSServer?request=GetCapabilities&service=WMS,"expected string or bytes-like object"
2026-09-27T10:01:47.290415+02:00,KT_FR,https://geo.fr.ch/ags/services/OpenData/Unites_de_gestion_des_forets_publiques/MapServer/WMSServer?request=GetCapabilities&service=WMS,"expected string or bytes-like object"
2026-09-27T10:01:50.159091+02:00,KT_FR,https://geo.fr.ch/ags/services/OpenData/Bas_marais_d_importance_nationale/MapServer/WMSServer?request=GetCapabilities&service=WMS,"expected string or bytes-like object"
2026-09-27T10:01:53.188557+02:00,KT_FR,https://geo.fr.ch/ags/services/OpenData/Paroisses_reformees/MapServer/WMSServer?request=GetCapabilities&service=WMS,"expected string or bytes-like object"
2026-09-27T10:01:56.206696+02:00,KT_FR,https://geo.fr.ch/ags/services/OpenData/Trafic_poids_lourds/MapServer/WMSServer?request=GetCapabilities&service=WMS,"expected string or bytes-like object"
2026-09-27T10:01:59.226343+02:00,KT_FR,https://geo.fr.ch/ags/services/OpenData/Cercles_scolaires_secondaires_francophones/MapServer/WMSServer?request=GetCapabilities&service=WMS,"expected string or bytes-like object"
2026-09-27T10:02:02.095875+02:00,KT_FR,https://geo.fr.ch/ags/services/OpenData/Reserves_paysageres_cantonales/MapServer/WMSServer?request=GetCapabilities&service=WMS,"expected string or bytes-like object"
2026-09-27T10:02:04.974643+02:00,KT_FR,https://geo.fr.ch/ags/services/OpenData/Voies_historiques_IVS/MapServer/WMSServer?request=GetCapabilities&service=WMS,"expected string or bytes-like object"
2026-09-27T10:02:08.140765+02:00,KT_FR,https://geo.fr.ch/ags/services/OpenData/Cercles_scolaires_primaires_francophones/MapServer/WMSServer?request=GetCapabilities&service=WMS,"expected string or bytes-like object"
2026-09-27T10:02:11.020246+02:00,KT_FR,https://geo.fr.ch/ags/services/OpenData/Batiments_MO_RegBL_par_rue/MapServer/WMSServer?request=GetCapabilities&service=WMS,"expected string or bytes-like object"
2026-09-27T10:02:14.190495+02:00,KT_FR,https://geo.fr.ch/ags/services/OpenData/Reseaux_non_integres_dans_AquaFri/MapServer/WMSServer?request=GetCapabilities&service=WMS,"expected string or bytes-like object"
2026-09-27T10:02:17.349019+02:00,KT_FR,https://geo.fr.ch/ags/services/OpenData/Numeros_d_immeubles_en_vigueur/MapServer/WMSServer?request=GetCapabilities&service=WMS,"expected string or bytes-like object"
2026-09-27T10:02:20.368064+02:00,KT_FR,https://geo.fr.ch/ags/services/OpenData/Lots_de_peche_affermee/MapServer/WMSServer?request=GetCapabilities&service=WMS,"expected string or bytes-like object"
2026-09-27T10:02:23.274415+02:00,KT_FR,https://geo.fr.ch/ags/services/OpenData_Raster/Pente_et_orientation_combinees_2021/MapServer/WMSServer?request=GetCapabilities&service=WMS,"expected string or bytes-like object"
2026-09-27T10:02:26.155648+02:00,KT_FR,https://geo.fr.ch/ags/services/OpenData/Admissibilite_des_sondes_geothermiques_SGV/MapServer/WMSServer?request=GetCapabilities&service=WMS,"expected string or bytes-like object"
2026-09-27T10:02:29.033928+02:00,KT_FR,https://geo.fr.ch/ags/services/OpenData/Entreprises_en_cours/MapServer/WMSServer?request=GetCapabilities&service=WMS,"expected string or bytes-like object"
2026-09-27T10:02:32.187512+02:00,KT_FR,https://geo.fr.ch/ags/services/OpenData_Raster/Relief_de_terrain_ombre_MNT_lacs_de_Morat_et_Neuchatel/MapServer/WMSServer?request=GetCapabilities&service=WMS,"expected string or bytes-like object"
2026-09-27T10:02:35.197588+02:00,KT_FR,https://geo.fr.ch/ags/services/OpenData_Raster/Pente_en_degres_2016/MapServer/WMSServer?request=GetCapabilities&service=WMS,"expected string or bytes-like object"
2026-09-27T10:02:38.513021+02:00,KT_FR,https://geo.fr.ch/ags/services/OpenData/Emplacement_des_barrieres_a_batraciens/MapServer/WMSServer?request=GetCapabilities&service=WMS,"expected string or bytes-like object"
2026-09-27T10:02:41.851997+02:00,KT_FR,https://geo.fr.ch/ags/services/OpenData/Associations_forestieres_remarquables/MapServer/WMSServer?request=GetCapabilities&service=WMS,"expected string or bytes-like object"
2026-09-27T10:02:45.037732+02:00,KT_FR,https://geo.fr.ch/ags/services/OpenData/Points_limites_projetes/MapServer/WMSServer?request=GetCapabilities&service=WMS,"expected string or bytes-like object"
2026-09-27T10:02:48.213176+02:00,KT_FR,https://geo.fr.ch/ags/services/OpenData_Raster/MNT_lacs/MapServer/WMSServer?request=GetCapabilities&service=WMS,"expected string or bytes-like object"
2026-09-27T10:02:51.082255+02:00,KT_FR,https://geo.fr.ch/ags/services/OpenData_Raster/Relief_de_surface_ombre_MNS_2002/MapServer/WMSServer?request=GetCapabilities&service=WMS,"expected string or bytes-like object"
2026-09-27T10:02:53.988139+02:00,KT_FR,https://geo.fr.ch/ags/services/OpenData/Pompes_AquaFri/MapServer/WMSServer?request=GetCapabilities&service=WMS,"expected string or bytes-like object"
2026-09-27T10:02:56.860763+02:00,KT_FR,https://geo.fr.ch/ags/services/OpenData/Arbres_culture/MapServer/WMSServer?request=GetCapabilities&service=WMS,"expected string or bytes-like object"
2026-09-27T10:02:59.879431+02:00,KT_FR,https://geo.fr.ch/ags/services/OpenData_Raster/Habitat_potentiel_du_cerf/MapServer/WMSServer?request=GetCapabilities&service=WMS,"expected string or bytes-like object"
2026-09-27T10:03:03.053830+02:00,KT_FR,https://geo.fr.ch/ags/services/OpenData/Surfaces_de_promotion_de_la_biodiversite_SPB_I/MapServer/WMSServer?request=GetCapabilities&service=WMS,"expected string or bytes-like object"
2026-09-27T10:03:05.940162+02:00,KT_FR,https://geo.fr.ch/ags/services/OpenData_Raster/Image_aerienne_2017/MapServer/WMSServer?request=GetCapabilities&service=WMS,"expected string or bytes-like object"
2026-09-27T10:03:08.817414+02:00,KT_FR,https://geo.fr.ch/ags/services/OpenData_Raster/Carte_tectonique_500000_GK500_Tekto/MapServer/WMSServer?request=GetCapabilities&service=WMS,"expected string or bytes-like object"
2026-09-27T10:03:11.854305+02:00,KT_FR,https://geo.fr.ch/ags/services/OpenData/Servitudes_Lignes/MapServer/WMSServer?request=GetCapabilities&service=WMS,"expected string or bytes-like object"
2026-09-27T10:03:14.718519+02:00,KT_FR,https://geo.fr.ch/ags/services/OpenData/Depots_d_entretien_routes_cantonales/MapServer/WMSServer?request=GetCapabilities&service=WMS,"expected string or bytes-like object"
2026-09-27T10:03:17.877987+02:00,KT_FR,https://geo.fr.ch/ags/services/OpenData/Belastete_Standorte_Unfallstandorte/MapServer/WMSServer?request=GetCapabilities&service=WMS,"expected string or bytes-like object"
2026-09-27T10:03:20.906489+02:00,KT_FR,https://geo.fr.ch/ags/services/OpenData/Reserve_mycologique/MapServer/WMSServer?request=GetCapabilities&service=WMS,"expected string or bytes-like object"
2026-09-27T10:03:23.792268+02:00,KT_FR,https://geo.fr.ch/ags/services/OpenData/Sites_prioritaires_prairies_et_paturages_secs/MapServer/WMSServer?request=GetCapabilities&service=WMS,"expected string or bytes-like object"
2026-09-27T10:03:26.829512+02:00,KT_FR,https://geo.fr.ch/ags/services/OpenData_Raster/Modele_numerique_de_hauteur_MNH_2016/MapServer/WMSServer?request=GetCapabilities&service=WMS,"expected string or bytes-like object"
2026-09-27T10:03:29.696793+02:00,KT_FR,https://geo.fr.ch/ags/services/OpenData/AOP_Gruyere/MapServer/WMSServer?request=GetCapabilities&service=WMS,"expected string or bytes-like object"
2026-09-27T10:03:32.730394+02:00,KT_FR,https://geo.fr.ch/ags/services/OpenData/Degre_de_sensibilite_au_bruit_dans_les_zones_d_affectation_RDPPF/MapServer/WMSServer?request=GetCapabilities&service=WMS,"expected string or bytes-like object"
2026-09-27T10:03:35.767100+02:00,KT_FR,https://geo.fr.ch/ags/services/OpenData/Materiau_et_diametre_des_conduites_AquaFri/MapServer/WMSServer?request=GetCapabilities&service=WMS,"expected string or bytes-like object"
2026-09-27T10:03:38.632223+02:00,KT_FR,https://geo.fr.ch/ags/services/OpenData/Zones_de_recrutement_des_etablissements_secondaires_germanophones/MapServer/WMSServer?request=GetCapabilities&service=WMS,"expected string or bytes-like object"
2026-09-27T10:03:41.718410+02:00,KT_FR,https://geo.fr.ch/ags/services/OpenData_Raster/Densite_de_points_au_sol_LIDAR_2016/MapServer/WMSServer?request=GetCapabilities&service=WMS,"expected string or bytes-like object"
2026-09-27T10:03:44.740143+02:00,KT_FR,https://geo.fr.ch/ags/services/OpenData_Raster/Plans_topographiques_du_19eme_siecle/MapServer/WMSServer?request=GetCapabilities&service=WMS,"expected string or bytes-like object"
2026-09-27T10:03:47.627623+02:00,KT_FR,https://geo.fr.ch/ags/services/OpenData/Centres_d_exploitation_agricole/MapServer/WMSServer?request=GetCapabilities&service=WMS,"expected string or bytes-like object"
2026-09-27T10:03:50.514511+02:00,KT_FR,https://geo.fr.ch/ags/services/OpenData/Limites_de_communes/MapServer/WMSServer?request=GetCapabilities&service=WMS,"expected string or bytes-like object"
2026-09-27T10:03:53.533972+02:00,KT_FR,https://geo.fr.ch/ags/services/OpenData/Projets_paysage_CQP/MapServer/WMSServer?request=GetCapabilities&service=WMS,"expected string or bytes-like object"
2026-09-27T10:03:56.435981+02:00,KT_FR,https://geo.fr.ch/ags/services/OpenData/AOP_Emmental/MapServer/WMSServer?request=GetCapabilities&service=WMS,"expected string or bytes-like object"
2026-09-27T10:03:59.308452+02:00,KT_FR,https://geo.fr.ch/ags/services/OpenData/Limites_de_districts/MapServer/WMSServer?request=GetCapabilities&service=WMS,"expected string or bytes-like object"
2026-09-27T10:04:02.335174+02:00,KT_FR,https://geo.fr.ch/ags/services/OpenData/Immeubles_projetes/MapServer/WMSServer?request=GetCapabilities&service=WMS,"expected string or bytes-like object"
2026-09-27T10:04:05.507589+02:00,KT_FR,https://geo.fr.ch/ags/services/OpenData/Bas_marais/MapServer/WMSServer?request=GetCapabilities&service=WMS,"expected string or bytes-like object"
2026-09-27T10:04:08.562935+02:00,KT_FR,https://geo.fr.ch/ags/services/OpenData/Cadastre_des_sites_pollues_RDPPF/MapServer/WMSServer?request=GetCapabilities&service=WMS,"expected string or bytes-like object"
2026-09-27T10:04:11.584699+02:00,KT_FR,https://geo.fr.ch/ags/services/OpenData/Organisation_de_la_protection_civile/MapServer/WMSServer?request=GetCapabilities&service=WMS,"expected string or bytes-like object"
2026-09-27T10:04:14.751548+02:00,KT_FR,https://geo.fr.ch/ags/services/OpenData/Chambres_AquaFri/MapServer/WMSServer?request=GetCapabilities&service=WMS,"expected string or bytes-like object"
2026-09-27T10:04:17.937820+02:00,KT_FR,https://geo.fr.ch/ags/services/OpenData_Raster/Walser__1767_/MapServer/WMSServer?request=GetCapabilities&service=WMS,"expected string or bytes-like object"
2026-09-27T10:04:20.811801+02:00,KT_FR,https://geo.fr.ch/ags/services/OpenData_Raster/Nomenclature_1935_fond_blanc/MapServer/WMSServer?request=GetCapabilities&service=WMS,"expected string or bytes-like object"
2026-09-27T10:04:23.676527+02:00,KT_FR,https://geo.fr.ch/ags/services/OpenData/Elements_superposes_de_type_affectation_RDPPF_affectation/MapServer/WMSServer?request=GetCapabilities&service=WMS,"expected string or bytes-like object"
2026-09-27T10:04:26.554274+02:00,KT_FR,https://geo.fr.ch/ags/services/OpenData/Chroniques_archeologiques/MapServer/WMSServer?request=GetCapabilities&service=WMS,"expected string or bytes-like object"
2026-09-27T10:04:29.427541+02:00,KT_FR,https://geo.fr.ch/ags/services/OpenData/Limites_des_stations_forestieres/MapServer/WMSServer?request=GetCapabilities&service=WMS,"expected string or bytes-like object"
2026-09-27T10:04:32.321771+02:00,KT_FR,https://geo.fr.ch/ags/services/OpenData/Itineraires_SuisseMobile_randonnee_pedestre/MapServer/WMSServer?request=GetCapabilities&service=WMS,"expected string or bytes-like object"
2026-09-27T10:04:35.476564+02:00,KT_FR,https://geo.fr.ch/ags/services/OpenData/Adresses_MO_RegBL_par_rue/MapServer/WMSServer?request=GetCapabilities&service=WMS,"expected string or bytes-like object"
2026-09-27T10:04:38.498503+02:00,KT_FR,https://geo.fr.ch/ags/services/OpenData/Belastete_Standorte_Schiessanlagen/MapServer/WMSServer?request=GetCapabilities&service=WMS,"expected string or bytes-like object"
2026-09-27T10:04:41.530515+02:00,KT_FR,https://geo.fr.ch/ags/services/OpenData_Raster/CN200/MapServer/WMSServer?request=GetCapabilities&service=WMS,"expected string or bytes-like object"
2026-09-27T10:04:44.406161+02:00,KT_FR,https://geo.fr.ch/ags/services/OpenData/Zones_de_recrutement_des_etablissements_primaires_francophones/MapServer/WMSServer?request=GetCapabilities&service=WMS,"expected string or bytes-like object"
2026-09-27T10:04:47.429641+02:00,KT_FR,https://geo.fr.ch/ags/services/OpenData/Remaniements_parcellaires/MapServer/WMSServer?request=GetCapabilities&service=WMS,"expected string or bytes-like object"
2026-09-27T10:04:50.593697+02:00,KT_FR,https://geo.fr.ch/ags/services/OpenData/Reserves_forestieres_RDPPF/MapServer/WMSServer?request=GetCapabilities&service=WMS,"expected string or bytes-like object"
2026-09-27T10:04:53.469516+02:00,KT_FR,https://geo.fr.ch/ags/services/OpenData/Zones_alluviales/MapServer/WMSServer?request=GetCapabilities&service=WMS,"expected string or bytes-like object"
2026-09-27T10:04:56.516102+02:00,KT_FR,https://geo.fr.ch/ags/services/OpenData/Entreprises_approuvees/MapServer/WMSServer?request=GetCapabilities&service=WMS,"expected string or bytes-like object"
2026-09-27T10:04:59.533809+02:00,KT_FR,https://geo.fr.ch/ags/services/OpenData/Points_de_Repere_SRB/MapServer/WMSServer?request=GetCapabilities&service=WMS,"expected string or bytes-like object"
2026-09-27T10:05:02.550677+02:00,KT_FR,https://geo.fr.ch/ags/services/OpenData/Reserves_d_oiseaux_d_eau_et_migrateurs/MapServer/WMSServer?request=GetCapabilities&service=WMS,"expected string or bytes-like object"
2026-09-27T10:05:05.423621+02:00,KT_FR,https://geo.fr.ch/ags/services/OpenData/Arrets_de_transport_public/MapServer/WMSServer?request=GetCapabilities&service=WMS,"expected string or bytes-like object"
2026-09-27T10:05:08.305594+02:00,KT_FR,https://geo.fr.ch/ags/services/OpenData/Foret_de_protection_contre_les_dangers_naturels/MapServer/WMSServer?request=GetCapabilities&service=WMS,"expected string or bytes-like object"
2026-09-27T10:05:11.310012+02:00,KT_FR,https://geo.fr.ch/ags/services/OpenData/Limites_forestieres_statiques/MapServer/WMSServer?request=GetCapabilities&service=WMS,"expected string or bytes-like object"
2026-09-27T10:05:14.191739+02:00,KT_FR,https://geo.fr.ch/ags/services/OpenData_Raster/Stryienski_1_50000__env_1850_/MapServer/WMSServer?request=GetCapabilities&service=WMS,"expected string or bytes-like object"
2026-09-27T10:05:17.063983+02:00,KT_FR,https://geo.fr.ch/ags/services/OpenData/Trafic_journalier_moyen/MapServer/WMSServer?request=GetCapabilities&service=WMS,"expected string or bytes-like object"
2026-09-27T10:05:20.240058+02:00,KT_FR,https://geo.fr.ch/ags/services/OpenData/Lieux_denommes/MapServer/WMSServer?request=GetCapabilities&service=WMS,"expected string or bytes-like object"
2026-09-27T10:05:23.109071+02:00,KT_FR,https://geo.fr.ch/ags/services/OpenData/Paroisses_catholiques/MapServer/WMSServer?request=GetCapabilities&service=WMS,"expected string or bytes-like object"
2026-09-27T10:05:26.156686+02:00,KT_FR,https://geo.fr.ch/ags/services/OpenData/Zones_alluviales_d_importance_locale/MapServer/WMSServer?request=GetCapabilities&service=WMS,"expected string or bytes-like object"
2026-09-27T10:05:29.190157+02:00,KT_FR,https://geo.fr.ch/ags/services/OpenData/Routes_Cantonales_ORGT___OUMin/MapServer/WMSServer?request=GetCapabilities&service=WMS,"expected string or bytes-like object"
2026-09-27T10:05:32.216481+02:00,KT_FR,https://geo.fr.ch/ags/services/OpenData/Vignobles_en_pente/MapServer/WMSServer?request=GetCapabilities&service=WMS,"expected string or bytes-like object"
2026-09-27T10:05:35.377985+02:00,KT_FR,https://geo.fr.ch/ags/services/OpenData/Batraciens_et_trafic_routier/MapServer/WMSServer?request=GetCapabilities&service=WMS,"expected string or bytes-like object"
2026-09-27T10:05:38.401392+02:00,KT_FR,https://geo.fr.ch/ags/services/OpenData/Equipes_d_arrondissement_routes_cantonales/MapServer/WMSServer?request=GetCapabilities&service=WMS,"expected string or bytes-like object"
2026-09-27T10:05:41.414813+02:00,KT_FR,https://geo.fr.ch/ags/services/OpenData/Points_de_rencontre_d_urgence/MapServer/WMSServer?request=GetCapabilities&service=WMS,"expected string or bytes-like object"
2026-09-27T10:05:44.286664+02:00,KT_FR,https://geo.fr.ch/ags/services/OpenData/Arbres_spectaculaires/MapServer/WMSServer?request=GetCapabilities&service=WMS,"expected string or bytes-like object"
2026-09-27T10:05:47.304484+02:00,KT_FR,https://geo.fr.ch/ags/services/OpenData/Carte_de_danger___Laves_torrentielles/MapServer/WMSServer?request=GetCapabilities&service=WMS,"expected string or bytes-like object"
2026-09-27T10:05:50.175481+02:00,KT_FR,https://geo.fr.ch/ags/services/OpenData_Raster/CN1000/MapServer/WMSServer?request=GetCapabilities&service=WMS,"expected string or bytes-like object"
2026-09-27T10:05:53.339710+02:00,KT_FR,https://geo.fr.ch/ags/services/OpenData/Revetements_phono_absorbants_routes_cantonales/MapServer/WMSServer?request=GetCapabilities&service=WMS,"expected string or bytes-like object"
2026-09-27T10:05:56.218897+02:00,KT_FR,https://geo.fr.ch/ags/services/OpenData/Obstacles_convois_exceptionnels/MapServer/WMSServer?request=GetCapabilities&service=WMS,"expected string or bytes-like object"
2026-09-27T10:05:59.386413+02:00,KT_FR,https://geo.fr.ch/ags/services/OpenData_Raster/CN50_NB/MapServer/WMSServer?request=GetCapabilities&service=WMS,"expected string or bytes-like object"
2026-09-27T10:06:02.263125+02:00,KT_FR,https://geo.fr.ch/ags/services/OpenData/Ecoles_primaires_batiments/MapServer/WMSServer?request=GetCapabilities&service=WMS,"expected string or bytes-like object"
2026-09-27T10:06:05.138255+02:00,KT_FR,https://geo.fr.ch/ags/services/OpenData_Raster/Habitat_potentiel_du_bouquetin/MapServer/WMSServer?request=GetCapabilities&service=WMS,"expected string or bytes-like object"
2026-09-27T10:06:08.165524+02:00,KT_FR,https://geo.fr.ch/ags/services/OpenData/Carte_de_danger___Avalanches/MapServer/WMSServer?request=GetCapabilities&service=WMS,"expected string or bytes-like object"
2026-09-27T10:06:11.179659+02:00,KT_FR,https://geo.fr.ch/ags/services/OpenData/Geotopes/MapServer/WMSServer?request=GetCapabilities&service=WMS,"expected string or bytes-like object"
2026-09-27T10:06:14.335211+02:00,KT_FR,https://geo.fr.ch/ags/services/OpenData/Reducteurs_AquaFri/MapServer/WMSServer?request=GetCapabilities&service=WMS,"expected string or bytes-like object"
2026-09-27T10:06:17.353485+02:00,KT_FR,https://geo.fr.ch/ags/services/OpenData/Itineraires_SuisseMobile_velo/MapServer/WMSServer?request=GetCapabilities&service=WMS,"expected string or bytes-like object"
2026-09-27T10:06:20.383201+02:00,KT_FR,https://geo.fr.ch/ags/services/OpenData/Type_d_objet_ISOS___Polygone/MapServer/WMSServer?request=GetCapabilities&service=WMS,"expected string or bytes-like object"
2026-09-27T10:06:23.261558+02:00,KT_FR,https://geo.fr.ch/ags/services/OpenData/Collecteurs_proprietaire_canalisations_routes_cantonales/MapServer/WMSServer?request=GetCapabilities&service=WMS,"expected string or bytes-like object"
2026-09-27T10:06:26.293866+02:00,KT_FR,https://geo.fr.ch/ags/services/OpenData_Raster/Epaisseur_du_Quaternaire__m_/MapServer/WMSServer?request=GetCapabilities&service=WMS,"expected string or bytes-like object"
2026-09-27T10:06:29.331329+02:00,KT_FR,https://geo.fr.ch/ags/services/OpenData/Limite_du_canton/MapServer/WMSServer?request=GetCapabilities&service=WMS,"expected string or bytes-like object"
2026-09-27T10:06:32.211277+02:00,KT_FR,https://geo.fr.ch/ags/services/OpenData/Conduites/MapServer/WMSServer?request=GetCapabilities&service=WMS,"expected string or bytes-like object"
2026-09-27T10:06:35.134175+02:00,KT_FR,https://geo.fr.ch/ags/services/OpenData/Structures_d_accueil/MapServer/WMSServer?request=GetCapabilities&service=WMS,"expected string or bytes-like object"
2026-09-27T10:06:38.171534+02:00,KT_FR,https://geo.fr.ch/ags/services/OpenData_Raster/Relief_ombre_swissALTI3D_2010/MapServer/WMSServer?request=GetCapabilities&service=WMS,"expected string or bytes-like object"
2026-09-27T10:06:41.546404+02:00,KT_FR,https://geo.fr.ch/ags/services/OpenData/Itineraires_a_ski/MapServer/WMSServer?request=GetCapabilities&service=WMS,"expected string or bytes-like object"
2026-09-27T10:06:44.733721+02:00,KT_FR,https://geo.fr.ch/ags/services/OpenData/Secteurs_soumis_a_PAD_amenagement_local/MapServer/WMSServer?request=GetCapabilities&service=WMS,"expected string or bytes-like object"
2026-09-27T10:06:48.065952+02:00,KT_FR,https://geo.fr.ch/ags/services/OpenData/Drones_restrictions_cantonales/MapServer/WMSServer?request=GetCapabilities&service=WMS,"expected string or bytes-like object"
2026-09-27T10:06:51.241206+02:00,KT_FR,https://geo.fr.ch/ags/services/OpenData_Raster/CN500/MapServer/WMSServer?request=GetCapabilities&service=WMS,"expected string or bytes-like object"
2026-09-27T10:06:54.137401+02:00,KT_FR,https://geo.fr.ch/ags/services/OpenData/NPA_et_localites/MapServer/WMSServer?request=GetCapabilities&service=WMS,"expected string or bytes-like object"
2026-09-27T10:06:56.999817+02:00,KT_FR,https://geo.fr.ch/ags/services/OpenData/AOP_Vacherin_fribourgeois/MapServer/WMSServer?request=GetCapabilities&service=WMS,"expected string or bytes-like object"
2026-09-27T10:07:00.062972+02:00,KT_FR,https://geo.fr.ch/ags/services/OpenData/Numeros_d_immeubles_projetes/MapServer/WMSServer?request=GetCapabilities&service=WMS,"expected string or bytes-like object"
2026-09-27T10:07:02.940837+02:00,KT_FR,https://geo.fr.ch/ags/services/OpenData_Raster/CN100/MapServer/WMSServer?request=GetCapabilities&service=WMS,"expected string or bytes-like object"
2026-09-27T10:07:05.813398+02:00,KT_FR,https://geo.fr.ch/ags/services/OpenData/Amenagements_longitudinaux_plan_sectoriel_velo/MapServer/WMSServer?request=GetCapabilities&service=WMS,"expected string or bytes-like object"
2026-09-27T10:07:08.693370+02:00,KT_FR,https://geo.fr.ch/ags/services/OpenData/Zones_reservees_LMob/MapServer/WMSServer?request=GetCapabilities&service=WMS,"expected string or bytes-like object"
2026-09-27T10:07:11.579618+02:00,KT_FR,https://geo.fr.ch/ags/services/OpenData/Centres_forestiers/MapServer/WMSServer?request=GetCapabilities&service=WMS,"expected string or bytes-like object"
2026-09-27T10:07:14.450778+02:00,KT_FR,https://geo.fr.ch/ags/services/OpenData_Raster/Carte_geologique_500000_GK500_Geol/MapServer/WMSServer?request=GetCapabilities&service=WMS,"expected string or bytes-like object"
2026-09-27T10:07:17.631989+02:00,KT_FR,https://geo.fr.ch/ags/services/OpenData/Ruisseaux_utilises_par_l_Etat/MapServer/WMSServer?request=GetCapabilities&service=WMS,"expected string or bytes-like object"
2026-09-27T10:07:20.502878+02:00,KT_FR,https://geo.fr.ch/ags/services/OpenData/Territoires_de_chasse_en_montagne/MapServer/WMSServer?request=GetCapabilities&service=WMS,"expected string or bytes-like object"
2026-09-27T10:07:23.684487+02:00,KT_FR,https://geo.fr.ch/ags/services/OpenData/Paysages_d_importance_cantonale__PIC___En_traitement_apres_consultation_publique/MapServer/WMSServer?request=GetCapabilities&service=WMS,"expected string or bytes-like object"
2026-09-27T10:07:26.560307+02:00,KT_FR,https://geo.fr.ch/ags/services/OpenData_Raster/Carte_geologique_200000_GGK200/MapServer/WMSServer?request=GetCapabilities&service=WMS,"expected string or bytes-like object"
2026-09-27T10:07:29.610035+02:00,KT_FR,https://geo.fr.ch/ags/services/OpenData_Raster/Direction_d_ecoulement_1_12500/MapServer/WMSServer?request=GetCapabilities&service=WMS,"expected string or bytes-like object"
2026-09-27T10:07:32.663160+02:00,KT_FR,https://geo.fr.ch/ags/services/OpenData/Belastete_Standorte_Betriebsstandorte/MapServer/WMSServer?request=GetCapabilities&service=WMS,"expected string or bytes-like object"
2026-09-27T10:07:35.677821+02:00,KT_FR,https://geo.fr.ch/ags/services/OpenData_Raster/CN200_NB/MapServer/WMSServer?request=GetCapabilities&service=WMS,"expected string or bytes-like object"
2026-09-27T10:07:38.550784+02:00,KT_FR,https://geo.fr.ch/ags/services/OpenData/Bornes_historiques/MapServer/WMSServer?request=GetCapabilities&service=WMS,"expected string or bytes-like object"
2026-09-27T10:07:41.418893+02:00,KT_FR,https://geo.fr.ch/ags/services/OpenData/Surface_de_couverture_Sirenes_de_la_PCi/MapServer/WMSServer?request=GetCapabilities&service=WMS,"expected string or bytes-like object"
2026-09-27T10:07:44.289291+02:00,KT_FR,https://geo.fr.ch/ags/services/OpenData_Raster/Siegfried__env_1900_/MapServer/WMSServer?request=GetCapabilities&service=WMS,"expected string or bytes-like object"
2026-09-27T10:07:47.307159+02:00,KT_FR,https://geo.fr.ch/ags/services/OpenData/Perimetres_d_etude_detaillee___Crues_et_laves_torrentielles/MapServer/WMSServer?request=GetCapabilities&service=WMS,"expected string or bytes-like object"
2026-09-27T10:07:50.323812+02:00,KT_FR,https://geo.fr.ch/ags/services/OpenData/Categorie_de_protection_ISOS/MapServer/WMSServer?request=GetCapabilities&service=WMS,"expected string or bytes-like object"
2026-09-27T10:07:53.339834+02:00,KT_FR,https://geo.fr.ch/ags/services/OpenData_Raster/Minutes_originales_MCA/MapServer/WMSServer?request=GetCapabilities&service=WMS,"expected string or bytes-like object"
2026-09-27T10:07:56.353101+02:00,KT_FR,https://geo.fr.ch/ags/services/OpenData/Troncons_de_rues_en_couleurs/MapServer/WMSServer?request=GetCapabilities&service=WMS,"expected string or bytes-like object"
2026-09-27T10:07:59.387369+02:00,KT_FR,https://geo.fr.ch/ags/services/OpenData/Zones_et_reserves_de_peche_lacs/MapServer/WMSServer?request=GetCapabilities&service=WMS,"expected string or bytes-like object"
2026-09-27T10:08:02.400404+02:00,KT_FR,https://geo.fr.ch/ags/services/OpenData/Zones_de_tensions_negligeables/MapServer/WMSServer?request=GetCapabilities&service=WMS,"expected string or bytes-like object"
2026-09-27T10:08:05.265866+02:00,KT_FR,https://geo.fr.ch/ags/services/OpenData_Raster/Plans_cadastraux_sur_plaque_aluminium/MapServer/WMSServer?request=GetCapabilities&service=WMS,"expected string or bytes-like object"
2026-09-27T10:08:08.289522+02:00,KT_FR,https://geo.fr.ch/ags/services/OpenData/Centrales_MCT_AquaFri/MapServer/WMSServer?request=GetCapabilities&service=WMS,"expected string or bytes-like object"
2026-09-27T10:08:11.305689+02:00,KT_FR,https://geo.fr.ch/ags/services/OpenData_Raster/Siegfried__env__1945_/MapServer/WMSServer?request=GetCapabilities&service=WMS,"expected string or bytes-like object"
2026-09-27T10:08:14.486615+02:00,KT_FR,https://geo.fr.ch/ags/services/OpenData/Etat_des_cartes_de_dangers/MapServer/WMSServer?request=GetCapabilities&service=WMS,"expected string or bytes-like object"
2026-09-27T10:08:17.364737+02:00,KT_FR,https://geo.fr.ch/ags/services/OpenData/Secteurs_a_objectifs_de_protection_du_patrimoine_PAL/MapServer/WMSServer?request=GetCapabilities&service=WMS,"expected string or bytes-like object"
2026-09-27T10:08:20.234996+02:00,KT_FR,https://geo.fr.ch/ags/services/OpenData/Forages_lies_a_des_sites_pollues/MapServer/WMSServer?request=GetCapabilities&service=WMS,"expected string or bytes-like object"
2026-09-27T10:08:23.104214+02:00,KT_FR,https://geo.fr.ch/ags/services/OpenData_Raster/Orientation_des_pentes_2021/MapServer/WMSServer?request=GetCapabilities&service=WMS,"expected string or bytes-like object"
2026-09-27T10:08:26.127671+02:00,KT_FR,https://geo.fr.ch/ags/services/OpenData/Installations_de_mesure_AquaFri/MapServer/WMSServer?request=GetCapabilities&service=WMS,"expected string or bytes-like object"
2026-09-27T10:08:29.147340+02:00,KT_FR,https://geo.fr.ch/ags/services/OpenData/Perimetre_de_couverture_Sirenes_de_la_PCi/MapServer/WMSServer?request=GetCapabilities&service=WMS,"expected string or bytes-like object"
2026-09-27T10:08:32.180552+02:00,KT_FR,https://geo.fr.ch/ags/services/OpenData_Raster/CN25/MapServer/WMSServer?request=GetCapabilities&service=WMS,"expected string or bytes-like object"
2026-09-27T10:08:35.077618+02:00,KT_FR,https://geo.fr.ch/ags/services/OpenData/Stations_meteo_degres_jours_et_temperatures_moyennes/MapServer/WMSServer?request=GetCapabilities&service=WMS,"expected string or bytes-like object"
2026-09-27T10:08:38.231831+02:00,KT_FR,https://geo.fr.ch/ags/services/OpenData/Contenus_ponctuels_RDPPF_affectation/MapServer/WMSServer?request=GetCapabilities&service=WMS,"expected string or bytes-like object"
2026-09-27T10:08:41.242173+02:00,KT_FR,https://geo.fr.ch/ags/services/OpenData/Districts/MapServer/WMSServer?request=GetCapabilities&service=WMS,"expected string or bytes-like object"
2026-09-27T10:08:44.127645+02:00,KT_FR,https://geo.fr.ch/ags/services/OpenData/Revision_generale_PAL_amenagement_local/MapServer/WMSServer?request=GetCapabilities&service=WMS,"expected string or bytes-like object"
2026-09-27T10:08:47.012731+02:00,KT_FR,https://geo.fr.ch/ags/services/OpenData_Raster/Direction_d_ecoulement_1_6000/MapServer/WMSServer?request=GetCapabilities&service=WMS,"expected string or bytes-like object"
2026-09-27T10:08:49.889298+02:00,KT_FR,https://geo.fr.ch/ags/services/OpenData_Raster/Decoupage_des_courbes_de_niveau_LIDAR_2016_pour_telechargement_par_tuile/MapServer/WMSServer?request=GetCapabilities&service=WMS,"expected string or bytes-like object"
2026-09-27T10:08:52.909490+02:00,KT_FR,https://geo.fr.ch/ags/services/OpenData/Forages_lies_a_des_sondes_geothermiques/MapServer/WMSServer?request=GetCapabilities&service=WMS,"expected string or bytes-like object"
2026-09-27T10:08:55.924357+02:00,KT_FR,https://geo.fr.ch/ags/services/OpenData/Zones_humides_Ramsar/MapServer/WMSServer?request=GetCapabilities&service=WMS,"expected string or bytes-like object"
2026-09-27T10:08:58.959313+02:00,KT_FR,https://geo.fr.ch/ags/services/OpenData/Zones_reservees_RDPPF_affectation/MapServer/WMSServer?request=GetCapabilities&service=WMS,"expected string or bytes-like object"
2026-09-27T10:09:01.818532+02:00,KT_FR,https://geo.fr.ch/ags/services/OpenData/Communes_partenaires_d_engage_ch/MapServer/WMSServer?request=GetCapabilities&service=WMS,"expected string or bytes-like object"
2026-09-27T10:09:04.855203+02:00,KT_FR,https://geo.fr.ch/ags/services/OpenData/Chalets_d_alpage_recenses_SBC/MapServer/WMSServer?request=GetCapabilities&service=WMS,"expected string or bytes-like object"
2026-09-27T10:09:07.874685+02:00,KT_FR,https://geo.fr.ch/ags/services/OpenData/Zones_superposees_de_protection_de_la_nature_et_du_paysage/MapServer/WMSServer?request=GetCapabilities&service=WMS,"expected string or bytes-like object"
2026-09-27T10:09:11.053411+02:00,KT_FR,https://geo.fr.ch/ags/services/OpenData/Collecteurs_fonction_canalisations_routes_cantonales/MapServer/WMSServer?request=GetCapabilities&service=WMS,"expected string or bytes-like object"
2026-09-27T10:09:14.080825+02:00,KT_FR,https://geo.fr.ch/ags/services/OpenData/Surfaces_de_promotion_de_la_biodiversite_SPB_II_Estivage/MapServer/WMSServer?request=GetCapabilities&service=WMS,"expected string or bytes-like object"
2026-09-27T10:09:16.956478+02:00,KT_FR,https://geo.fr.ch/ags/services/OpenData_Raster/Relief_de_terrain_ombre_MNT_swissALTI3D_2021/MapServer/WMSServer?request=GetCapabilities&service=WMS,"expected string or bytes-like object"
2026-09-27T10:09:19.992047+02:00,KT_FR,https://geo.fr.ch/ags/services/OpenData/Vannes_AquaFri/MapServer/WMSServer?request=GetCapabilities&service=WMS,"expected string or bytes-like object"
2026-09-27T10:09:22.860968+02:00,KT_FR,https://geo.fr.ch/ags/services/OpenData/Surfaces_de_promotion_de_la_biodiversite_SPB_II_Plaine/MapServer/WMSServer?request=GetCapabilities&service=WMS,"expected string or bytes-like object"
2026-09-27T10:09:25.732813+02:00,KT_FR,https://geo.fr.ch/ags/services/OpenData/Ecoles_secondaires_batiments/MapServer/WMSServer?request=GetCapabilities&service=WMS,"expected string or bytes-like object"
2026-09-27T10:09:28.750825+02:00,KT_FR,https://geo.fr.ch/ags/services/OpenData/Conseil_d_enfants_ou_de_jeunes_projets_de_participation_politique/MapServer/WMSServer?request=GetCapabilities&service=WMS,"expected string or bytes-like object"
2026-09-27T10:09:31.791583+02:00,KT_FR,https://geo.fr.ch/ags/services/OpenData/Horizons_sourciers_de_l_inventaire_des_eaux_souterraines/MapServer/WMSServer?request=GetCapabilities&service=WMS,"expected string or bytes-like object"
2026-09-27T10:09:34.659999+02:00,KT_FR,https://geo.fr.ch/ags/services/OpenData/Troncons_de_rues/MapServer/WMSServer?request=GetCapabilities&service=WMS,"expected string or bytes-like object"
2026-09-27T10:09:37.555139+02:00,KT_FR,https://geo.fr.ch/ags/services/OpenData/Routes_Cantonales_LMob/MapServer/WMSServer?request=GetCapabilities&service=WMS,"expected string or bytes-like object"
2026-09-27T10:09:40.423434+02:00,KT_FR,https://geo.fr.ch/ags/services/OpenData_Raster/CN25_NB/MapServer/WMSServer?request=GetCapabilities&service=WMS,"expected string or bytes-like object"
2026-09-27T10:09:43.583294+02:00,KT_FR,https://geo.fr.ch/ags/services/OpenData/Statuts_des_immeubles_projetes/MapServer/WMSServer?request=GetCapabilities&service=WMS,"expected string or bytes-like object"
2026-09-27T10:09:46.600120+02:00,KT_FR,https://geo.fr.ch/ags/services/OpenData/Zones_de_tranquillite/MapServer/WMSServer?request=GetCapabilities&service=WMS,"expected string or bytes-like object"
2026-09-27T10:09:49.625408+02:00,KT_FR,https://geo.fr.ch/ags/services/OpenData/Lieux_denommes_en_couleurs/MapServer/WMSServer?request=GetCapabilities&service=WMS,"expected string or bytes-like object"
2026-09-27T10:09:52.654189+02:00,KT_FR,https://geo.fr.ch/ags/services/OpenData/Perimetres_de_protection_des_eaux_souterraines_RDPPF/MapServer/WMSServer?request=GetCapabilities&service=WMS,"expected string or bytes-like object"
2026-09-27T10:09:55.667345+02:00,KT_FR,https://geo.fr.ch/ags/services/OpenData_Raster/Image_aerienne_2016/MapServer/WMSServer?request=GetCapabilities&service=WMS,"expected string or bytes-like object"
2026-09-27T10:09:58.535356+02:00,KT_FR,https://geo.fr.ch/ags/services/OpenData/Forages_lies_a_des_constructions/MapServer/WMSServer?request=GetCapabilities&service=WMS,"expected string or bytes-like object"
2026-09-27T10:10:01.549537+02:00,KT_FR,https://geo.fr.ch/ags/services/OpenData/Lots_pour_la_pisciculture/MapServer/WMSServer?request=GetCapabilities&service=WMS,"expected string or bytes-like object"
2026-09-27T10:10:04.599422+02:00,KT_FR,https://geo.fr.ch/ags/services/OpenData/Noeuds_de_trafic_routes_cantonales/MapServer/WMSServer?request=GetCapabilities&service=WMS,"expected string or bytes-like object"
2026-09-27T10:10:07.482193+02:00,KT_FR,https://geo.fr.ch/ags/services/OpenData_Raster/Image_aerienne_2013/MapServer/WMSServer?request=GetCapabilities&service=WMS,"expected string or bytes-like object"
2026-09-27T10:10:10.351165+02:00,KT_FR,https://geo.fr.ch/ags/services/OpenData/Plan_sectoriel_pour_l_exploitation_de_materiaux_PSEM/MapServer/WMSServer?request=GetCapabilities&service=WMS,"expected string or bytes-like object"
2026-09-27T10:10:13.228554+02:00,KT_FR,https://geo.fr.ch/ags/services/OpenData/Cercles_electoraux_des_anciennes_paroisses_catholiques/MapServer/WMSServer?request=GetCapabilities&service=WMS,"expected string or bytes-like object"
2026-09-27T10:10:16.247606+02:00,KT_FR,https://geo.fr.ch/ags/services/OpenData/Produits_de_montagne/MapServer/WMSServer?request=GetCapabilities&service=WMS,"expected string or bytes-like object"
2026-09-27T10:10:19.409708+02:00,KT_FR,https://geo.fr.ch/ags/services/OpenData/Secteurs_de_protection_du_patrimoine_ayant_passe_l_enquete_publique_PAL_en_revison/MapServer/WMSServer?request=GetCapabilities&service=WMS,"expected string or bytes-like object"
2026-09-27T10:10:22.421853+02:00,KT_FR,https://geo.fr.ch/ags/services/OpenData/Routes_Nationales/MapServer/WMSServer?request=GetCapabilities&service=WMS,"expected string or bytes-like object"
2026-09-27T10:10:25.455409+02:00,KT_FR,https://geo.fr.ch/ags/services/OpenData/Paysages_IFP/MapServer/WMSServer?request=GetCapabilities&service=WMS,"expected string or bytes-like object"
2026-09-27T10:10:28.470287+02:00,KT_FR,https://geo.fr.ch/ags/services/OpenData/Routes_lineaires_OPAM/MapServer/WMSServer?request=GetCapabilities&service=WMS,"expected string or bytes-like object"
2026-09-27T10:10:31.351032+02:00,KT_FR,https://geo.fr.ch/ags/services/OpenData/Localites_avec_presence_d_un_chauffage_a_distance/MapServer/WMSServer?request=GetCapabilities&service=WMS,"expected string or bytes-like object"
2026-09-27T10:10:34.385660+02:00,KT_FR,https://geo.fr.ch/ags/services/OpenData/Sites_bases_sur_l_ISOS/MapServer/WMSServer?request=GetCapabilities&service=WMS,"expected string or bytes-like object"
2026-09-27T10:10:37.260056+02:00,KT_FR,https://geo.fr.ch/ags/services/OpenData/Parcs_naturels/MapServer/WMSServer?request=GetCapabilities&service=WMS,"expected string or bytes-like object"
